Time,Text,City,County,State
2022-04-11 17:00:29+00:00,b'Trump Collectible Pocket Wat\xcc\x96ch - Today Up to 80% OFF! (FREE SHIPPING) \xf0\x9f\xa4\xaa\n\n\xe2\x9e\xbahttps://t.co/8IunFZkDxD\n\n#Trump2020\xe2\x80\xa6 https://t.co/QQJRzj0R6a',Oak Park,Cook County,Illinois,United States
2022-04-11 16:47:32+00:00,b'President Donald J. Trump Collectible Pocket Watch - Up to 80% OFF Today! (FR\xcc\x96EE SHIPPING) \xf0\x9f\x98\x8a\n\n#Patriots\xe2\x80\xa6 https://t.co/jSxsQzJuB6',,Sanpete County,Utah,United States
2022-04-11 16:25:42+00:00,b'Dona\xcc\x94ld J. Trump Collectible Pocket Watch 80% OFF for Today (Limited Offer) \xf0\x9f\x98\x82\n\n\xe2\x9e\xaehttps://t.co/4gv0As7OZm\n\n#Patriots\xe2\x80\xa6 https://t.co/dLpBca8ckk',Rocklin,Placer County,,United States
2022-04-11 16:12:52+00:00,b'So whether Greenblatt and his ADL think they mean to end Section 230?\n\nThey are in fact calling for the end of Sect\xe2\x80\xa6 https://t.co/uWpc3ZyCbP',Goodland,Collier County,Florida,United States
2022-04-11 16:10:31+00:00,b'\xe2\x80\x9cYou hate me because you still love me.\xe2\x80\x9d \xe2\x80\x93 @realDonaldTrump #MakeAmericaGreatAgain',,,,
2022-04-11 15:57:57+00:00,"b""@RepStefanik It's enviable Once Republicans Regain CONTROL of the house Deportation MUST TAKE PLACE on a MASSIVE LE\xe2\x80\xa6 https://t.co/andn2l1803""",Columbus,Franklin County,Ohio,United States
2022-04-11 15:46:01+00:00,b'And she should go to jail!\n#MAGA #MakeAmericaGreatAgain #TheResistance https://t.co/k0gXZtNx2Y',,,,
2022-04-11 15:41:01+00:00,b'Anyone he thinks Russia/Putin and Good or Misunderstood need to consider the implied brutality &amp; criminality of thi\xe2\x80\xa6 https://t.co/QYtM0Hsk79',,,,
2022-04-11 15:40:14+00:00,"b""New York, he wouldn't get 10% of the ABC News debate like a dog. Now he is on -will be fantastic! #MakeAmericaGreatAgain!""",,,,
2022-04-11 15:31:50+00:00,b'President Donald J. Trump Collectible Pocket Watch - \xcc\x97Up to 80% OFF Today Only! - FREE SHIPPING \xf0\x9f\xa4\x97\n\n#Trump2024\xe2\x80\xa6 https://t.co/bZ3jFvAeCF',,,,
2022-04-11 15:10:33+00:00,b'\xe2\x80\x9cIt is better to live one day as a lion than 100 years as a sheep.\xe2\x80\x9d \xe2\x80\x93 @realDonaldTrump #MakeAmericaGreatAgain',,,,
2022-04-11 15:05:00+00:00,b'If a Great Leader. John has been created in West Virginia!\n#MakeAmericaGreatAgain\xf0\x9f\x87\xba\xf0\x9f\x87\xb8\nTickets:',,,,
2022-04-11 14:52:51+00:00,b'#ThisisNotJournalism #ThisIsAmerica @mercnews @SCCgov @kron4news @AP o\xe2\x80\x99well. @BeanzAndTuna time got another beautif\xe2\x80\xa6 https://t.co/Wf3SCxsSAU',,,,
2022-04-11 14:46:25+00:00,b'Trump C\xcc\x96ollectible Pocket Watch - Today Up to 80% OFF! (FREE SHIPPING) \xf0\x9f\xa7\x90\n\n\xe2\x9e\xafhttps://t.co/9XSKLvRgDU\n\n#MondayVibe\xe2\x80\xa6 https://t.co/ODLFslkyjr',,,,
2022-04-11 14:24:28+00:00,"b'@DonaldJTrumpJr Masks suck. When will you people wake up? They only get you to wear them so you lose brain cells, t\xe2\x80\xa6 https://t.co/l5WftsXwgw'",,,,
2022-04-11 14:13:03+00:00,"b""Trump Collectible Pocket Watch. \xcc\xa1EXCLUSIVE: You won't find this offer anywhere else but here! (FREE SHIPPING) \xf0\x9f\xa4\xa9\xe2\x80\xa6 https://t.co/KpHbC8kYN6""",,,,
2022-04-11 14:10:26+00:00,b'\xe2\x80\x9cIt is humiliating to remain with our hands folded while other write history.\xe2\x80\x9d \xe2\x80\x93 @realDonaldTrump #MakeAmericaGreatAgain',,,,
2022-04-11 13:54:25+00:00,"b'We want to know your opinion\xe2\x80\xbc\xef\xb8\x8f\xe2\x9d\xa4\xef\xb8\x8f\xf0\x9f\xa4\x8d\xf0\x9f\x92\x99\n\nIf you like this post, follow us and share it!\n\n#inflation #JoeBiden #biden\xe2\x80\xa6 https://t.co/TPwo8w8oIo'",,,,
2022-04-11 13:53:21+00:00,b'Donald J. Trump Collectible Pocket Watch 80%\xcc\x8d OFF for Today (Limited Offer) \xf0\x9f\xa4\x93\n\n#LetsGoBrandon #Trump2024\xe2\x80\xa6 https://t.co/HqUl1YUtEY',,,,
2022-04-11 13:43:41+00:00,"b""Trump Collect\xcc\x97ible Pocket Watch. EXCLUSIVE: You won't find this offer anywhere else but here! (FREE SHIPPING) \xf0\x9f\xa4\xa8\n\n\xe2\x9e\xbb\xe2\x80\xa6 https://t.co/M6aDZ8HFFb""",,,,
2022-04-11 13:34:02+00:00,b'GIFT: This Iconic Watch Makes a Great G\xcc\x8dift for friends &amp; family! Today up to 80% Off! (FREE SHIPPING) \xf0\x9f\xa4\x91\n\n\xe2\x9e\xb8\xe2\x80\xa6 https://t.co/YC4xtYoeuM',,,,
2022-04-11 13:32:16+00:00,"b'To honor him \xcc\x8dfor decades to come, we present to you this President Donald J. Trump Collectible Pocket Watch with F\xe2\x80\xa6 https://t.co/RSTKxQpjKY'",,,,
2022-04-11 13:31:15+00:00,b'President Donald J. Trump Collectible Pocket Watch - Up to 80% OFF To\xcc\xa1day Only! - FREE SHIPPING \xf0\x9f\x98\xb6\n\n\xe2\x9e\xb3\xe2\x80\xa6 https://t.co/Erf1vZmmYs',,,,
2022-04-11 13:25:12+00:00,b'HISTORIC: This collectible Pocket Watch is something every Proud Trump Supporter should be proud to own for generat\xe2\x80\xa6 https://t.co/jFClhC5NfC',,,,
2022-04-11 13:15:08+00:00,"b""Trump Collectible Pocket Watch. EXCLUSIVE: You won't find this offer anywhere else but he\xcc\x96re! (FREE SHIPPING) \xf0\x9f\x98\x8e\n\n\xe2\x9e\xa8\xe2\x80\xa6 https://t.co/JNI3MLtIFE""",,,,
2022-04-11 13:10:57+00:00,b'HISTORIC: This collectible Pocket Watch is something every Proud Trump Supporter should be proud to own for generat\xe2\x80\xa6 https://t.co/Z4pmJ9fEHh',,,,
2022-04-11 13:10:28+00:00,b'\xe2\x80\x9cLife ... should be high and full [and] lived for oneself\xe2\x80\x9d \xe2\x80\x93 @realDonaldTrump #MakeAmericaGreatAgain',,,,
2022-04-11 12:42:59+00:00,b'Tru\xcc\xa1mp Collectible Pocket Watch -  Up to 80% OFF!  Only Today! (FREE SHIPPING) \xf0\x9f\xa5\xb0\n\n\xe2\x9e\xachttps://t.co/RLj8TrAx61\n\n#Trump\xe2\x80\xa6 https://t.co/lPkvuxyzNx',,,,
2022-04-11 12:39:59+00:00,b'HI\xcc\x97STORIC: This collectible Pocket Watch is something every Proud Trump Supporter should be proud to own for genera\xe2\x80\xa6 https://t.co/oXsnHZxFgi',,,,
2022-04-11 12:38:58+00:00,b'Donald J. Trum\xcc\x94p Collectible Pocket Watch 80% OFF for Today (Limited Offer) \xf0\x9f\xa5\xb3\n\n#MakeAmericaGreatAgain\xe2\x80\xa6 https://t.co/wMpr18MJtC',,,,
2022-04-11 12:36:56+00:00,b'Presiden\xcc\x8dt Donald J. Trump Collectible Pocket Watch - Up to 80% OFF Today! (FREE SHIPPING) \xf0\x9f\x98\x97\n\n#Trump2020\xe2\x80\xa6 https://t.co/sPugBMpfQ7',,,,
2022-04-11 12:36:28+00:00,"b""Poor! He doesn't know how to do anything right\xf0\x9f\xa4\xa6\xf0\x9f\x8f\xbb\xe2\x80\x8d\xe2\x99\x80\xef\xb8\x8f\xf0\x9f\x92\x86\xf0\x9f\x8f\xbd\xe2\x80\x8d\xe2\x99\x82\xef\xb8\x8f\n\nIf you like this post, follow us and share it!\xe2\x80\xa6 https://t.co/43BmGfEvOu""",,,,
2022-04-11 12:28:49+00:00,b'President Donald J. Trump Collectible Pocket Watch -  Up to 8\xcc\x940% OFF!  Today Only ! (FREE SHIPPING) \xf0\x9f\xa4\xa4\n\n\xe2\x9e\x99\xe2\x80\xa6 https://t.co/h0tm53vgZa',,,,
2022-04-11 12:25:50+00:00,b'Donald J. Trump Coll\xcc\x94ectible Pocket Watch 80% OFF for Today (Limited Offer) \xf0\x9f\x98\x85\n\n#MakeAmericaGreatAgain #Trump\xe2\x80\xa6 https://t.co/IwsF4Mu2PD',,,,
2022-04-11 12:18:12+00:00,"b""Trump Collectible Pocket Wat\xcc\x94ch. EXCLUSIVE: You won't find this offer anywhere else but here! (FREE SHIPPING) \xf0\x9f\xa4\xa3\xe2\x80\xa6 https://t.co/u1XKVqChZ2""",,,,
2022-04-11 12:12:45+00:00,b'Trump Collectible Pocket Watch - Today Up to 80% OFF! (FREE SHIP\xcc\x94PING) \xf0\x9f\x98\x8a\n\n\xe2\x9e\xbahttps://t.co/pxC1uyZ4qa\n\n#Maga\xe2\x80\xa6 https://t.co/S4yah9beGq',,,,
2022-04-11 12:10:28+00:00,b'\xe2\x80\x9cI want to make my own life a masterpiece.\xe2\x80\x9d \xe2\x80\x93 @realDonaldTrump #MakeAmericaGreatAgain',,,,
2022-04-11 11:35:00+00:00,b'West Virginia!\n#MakeAmericaGreatAgain\xf0\x9f\x87\xba\xf0\x9f\x87\xb8\nTickets:',,,,
2022-04-11 11:10:17+00:00,b'\xe2\x80\x9cInactivity is death.\xe2\x80\x9d \xe2\x80\x93 @realDonaldTrump #MakeAmericaGreatAgain',,,,
2022-04-11 10:59:40+00:00,b'Books Communists worldwide would love to burn \xf0\x9f\x94\xa5\xf0\x9f\x93\x9a\xf0\x9f\x94\xa5\n\nThe Book of Tweets \xf0\x9f\x87\xba\xf0\x9f\x87\xb8\n\n\xe2\x9c\x94 All the Tweets of President Donald Trum\xe2\x80\xa6 https://t.co/yXCrXEjhq7',,,,
2022-04-11 10:36:03+00:00,"b'@Len6609 @YourAnonNews @GOP #irony regarding the @GOP : #MakeAmericaGreatAgain \xf0\x9f\xa4\xa3\xf0\x9f\xa4\xa3 and republicans , senators suppor\xe2\x80\xa6 https://t.co/CoAuHaFMLU'",,,,
2022-04-11 10:10:23+00:00,"b'\xe2\x80\x9cRace? It is a feeling, not a reality.\xe2\x80\x9d \xe2\x80\x93 @realDonaldTrump #MakeAmericaGreatAgain'",,,,
2022-04-11 09:10:18+00:00,b'\xe2\x80\x9cDemocracy is beautiful in theory; in practice it is a fallacy.\xe2\x80\x9d \xe2\x80\x93 @realDonaldTrump #MakeAmericaGreatAgain',,,,
2022-04-11 09:07:11+00:00,"b""Trump Collectible Pocket Watch. EXCL\xcc\xa1USIVE: You won't find this offer anywhere else but here! (FREE SHIPPING) \xf0\x9f\x98\xb6\n\n\xe2\x9e\xa9\xe2\x80\xa6 https://t.co/NNgOV7GuRc""",,,,
2022-04-11 08:56:28+00:00,b'GIFT: This Iconic Watch Makes a Great Gift for friends &amp; family! Today u\xcc\x97p to 80% Off! (FREE SHIPPING) \xf0\x9f\x98\x92\xe2\x80\xa6 https://t.co/LE43X6mLar',Logan,Logan County,,United States
2022-04-11 08:52:04+00:00,b'President Dona\xcc\x94ld J. Trump Collectible Pocket Watch -  Up to 80% OFF!  Today Only ! (FREE SHIPPING) \xf0\x9f\x98\x9d\xe2\x80\xa6 https://t.co/sEohM9rCod',,,,
2022-04-11 08:43:25+00:00,"b""Trump Co\xcc\x94llectible Pocket Watch. EXCLUSIVE: You won't find this offer anywhere else but here! (FREE SHIPPING) \xf0\x9f\x98\xb1\xe2\x80\xa6 https://t.co/zQ6cRWhdVI""",,,,
2022-04-11 08:30:41+00:00,"b'To honor him for decades to come, we present to you this President Donald J. Trump Collectible Pocket Watch with FR\xe2\x80\xa6 https://t.co/vOInMRUv7h'",Glasgow,Glasgow City,,United Kingdom
2022-04-11 08:29:40+00:00,b'Trump Collectible Pocket Watch - \xcc\x96Today Up to 80% OFF! (FREE SHIPPING) \xf0\x9f\x98\xb6\n\n#MondayMotivation #TrumpSupporter\xe2\x80\xa6 https://t.co/I6U1Adh7Vp',,,,
2022-04-11 08:28:39+00:00,b'Preside\xcc\x96nt Donald J. Trump Collectible Pocket Watch -  Up to 80% OFF!  Today Only ! (FREE SHIPPING) \xf0\x9f\xa5\xb0\xe2\x80\xa6 https://t.co/2R7PE6rb1C',,,,
2022-04-11 07:10:16+00:00,b'\xe2\x80\x9cThe function of a citizen and a soldier are inseparable.\xe2\x80\x9d \xe2\x80\x93 @realDonaldTrump #MakeAmericaGreatAgain',,,,
2022-04-11 06:10:25+00:00,b'\xe2\x80\x9cWe have buried the putrid corpse of liberty\xe2\x80\x9d \xe2\x80\x93 @realDonaldTrump #MakeAmericaGreatAgain',,,,
2022-04-11 06:05:00+00:00,"b'3 Republicans in Senate. Mitch M, go to inform you West Virginia!\n#MakeAmericaGreatAgain\xf0\x9f\x87\xba\xf0\x9f\x87\xb8\nTickets:'",,,,
2022-04-11 05:10:24+00:00,"b'\xe2\x80\x9cLiberty is a duty, not a right.\xe2\x80\x9d \xe2\x80\x93 @realDonaldTrump #MakeAmericaGreatAgain'",,,,
2022-04-11 04:59:51+00:00,b'The right ain\xe2\x80\x99t half bad . \xf0\x9f\x91\x80\n#MakeAmericaGreatAgain \xe2\x9c\x8a\xf0\x9f\x8f\xbe',Los Angeles,Los Angeles County,California,United States
2022-04-11 04:23:21+00:00,b'Hi @ICEgov you can team up with the amazing @FBI @CIA they know what goes around @AlamedaCounty  they know the insi\xe2\x80\xa6 https://t.co/vGsJZEOAuR',,Alameda County,California,United States
2022-04-11 04:10:30+00:00,b'\xe2\x80\x9cI admire the discipline of the American people and their sense of organization.\xe2\x80\x9d \xe2\x80\x93 @realDonaldTrump #MakeAmericaGreatAgain',,,,
2022-04-11 03:47:47+00:00,"b'Liberals be like ""joe biden\'s the savior of the USA....""\nMe, an intellectual : ""Only Trump can truly save us and br\xe2\x80\xa6 https://t.co/WqYLF1kq3c'",,Tulare County,California,United States
2022-04-11 03:10:16+00:00,b'\xe2\x80\x9cI have stopped the talk and the nonsense. I am a man of action.\xe2\x80\x9d \xe2\x80\x93 @realDonaldTrump #MakeAmericaGreatAgain',,,,
2022-04-11 02:52:19+00:00,b'I believe in Constitution of USA...#MakeAmericaGreatAgain https://t.co/sjS9Jg2Ka5',,,,
2022-04-11 02:31:03+00:00,"b'A New War President for The New World Order https://t.co/gCQcssX8Id #bornova, #winmetawin, #warwanarat\xe2\x80\xa6 https://t.co/eHnL5gngV3'",,,,
2022-04-11 01:10:12+00:00,b'\xe2\x80\x9cA nation of spaghetti eaters cannot restore Roman civilization!\xe2\x80\x9d \xe2\x80\x93 @realDonaldTrump #MakeAmericaGreatAgain',,,,
2022-04-11 00:11:29+00:00,b'Trigger Trump. #MakeAmericaGreatAgain https://t.co/alTenffCKw',,,,
2022-04-11 00:10:26+00:00,b'\xe2\x80\x9cThe Socialists ask what is our program? Our program is to smash the heads of the Socialists.\xe2\x80\x9d \xe2\x80\x93 @realDonaldTrump #MakeAmericaGreatAgain',,,,
2022-04-11 00:00:27+00:00,b'PRESIDENTIAL HISTS ARE HIMOLION HORd. #MakeAmericaGreatAgain #Trump2016',,,,
2022-04-10 23:10:04+00:00,b'\xe2\x80\x9cWar cannot be waged without hating the enemy.\xe2\x80\x9d \xe2\x80\x93 @realDonaldTrump #MakeAmericaGreatAgain',,,,
2022-04-10 22:41:37+00:00,b'Donald J. Trump Collectible Pocket Watch 80% OFF for\xcc\x94 Today (Limited Offer) \xf0\x9f\xa4\xa3\n\n\xe2\x9e\xb3https://t.co/d0TpdUvsDg\xe2\x80\xa6 https://t.co/qpbwelaxif',San Francisco,,,United States
2022-04-10 22:10:26+00:00,"b""\xe2\x80\x9cIt's good to trust others but, not to do so is much better.\xe2\x80\x9d \xe2\x80\x93 @realDonaldTrump #MakeAmericaGreatAgain""",,,,
2022-04-10 21:58:08+00:00,b'@TomLPate1 @AngelaBelcamino @POTUS Our nation did better with your former President Trump in office than it has wit\xe2\x80\xa6 https://t.co/xuzTgH5mKM',,Logan County,Illinois,United States
2022-04-10 21:48:45+00:00,b'WATCH: Trump Helps Kid Rock Kick Off 2022 Concert Tour https://t.co/rU5DnaZCGO #MakeAmericaGreatAgain Rock and Roll\xe2\x80\xa6 https://t.co/HQbTipOaoU',,,,
2022-04-10 21:46:07+00:00,b'Trump Collectible Pocket Watch -  Up to 80% OFF!  Only Today! (FR\xcc\x8dEE SHIPPING) \xf0\x9f\x98\x99\n\n\xe2\x9e\xafhttps://t.co/MQwr6eAGXS\xe2\x80\xa6 https://t.co/wPEgk5TDpt',,,,
2022-04-10 21:20:47+00:00,b'GIFT: This Iconic Watch Mak\xcc\x94es a Great Gift for friends &amp; family! Today up to 80% Off! (FREE SHIPPING) \xf0\x9f\x98\x82\xe2\x80\xa6 https://t.co/SRU59WrhTo',,,,
2022-04-10 21:10:23+00:00,b'\xe2\x80\x9cDemocracy is talking itself to death.\xe2\x80\x9d \xe2\x80\x93 @realDonaldTrump #MakeAmericaGreatAgain',,,,
2022-04-10 21:09:57+00:00,b'This is fucking awesome.\n\nTrump is the G.O.A.T. #KidRock #MakeAmericaGreatAgain https://t.co/4HpBTbGZwn',,,,
2022-04-10 21:05:01+00:00,b'President Donald J. Trump Collectible \xcc\x94Pocket Watch -  Up to 80% OFF!  Today Only ! (FREE SHIPPING) \xf0\x9f\xa4\xa3\n\n\xe2\x9e\xa3\xe2\x80\xa6 https://t.co/OIA2apTvVO',,New York County,New York,United States
2022-04-10 20:38:35+00:00,"b""So I got profiled today for wearing a Donald Trump hat at @Starbucks . Apparently if you go to Starbucks and don't\xe2\x80\xa6 https://t.co/AwomgjRpYR""",,,,
2022-04-10 20:10:13+00:00,b'\xe2\x80\x9cThe truth is that men are tired of liberty\xe2\x80\x9d \xe2\x80\x93 @realDonaldTrump #MakeAmericaGreatAgain',,,,
2022-04-10 19:37:53+00:00,b'@TheLeoTerrell Truthfully #WeThePeople don\xe2\x80\x99t want them now. As a #BlackMan @Jim_Jordan is more likely our choice.\xe2\x80\xa6 https://t.co/Utluw6F1yx',,New York County,New York,United States
2022-04-10 19:28:04+00:00,"b""'Tell Us What's Going On': Jim Jordan Demands Answers About School Board Memo \n@Jim_Jordan #MakeAmericaGreatAgain\xe2\x80\xa6 https://t.co/MyyBwa33h0""",,,,
2022-04-10 19:24:43+00:00,b'Does this make sense to anyone but me???!!! #LiberalismIsAMentalDisorder #Liberalhypocrisy #CONSERVATIVE\xe2\x80\xa6 https://t.co/m7vUpStWKO',,,,
2022-04-10 18:57:14+00:00,b'Donald J. Trump Collectible Pocket Watch 80% OFF for T\xcc\x96oday (Limited Offer) \xf0\x9f\xa4\x93\n\n#MondayVibe #TRUMP2024ToSaveAmerica\xe2\x80\xa6 https://t.co/iSbg75OoDd',,,,
2022-04-10 18:46:40+00:00,"b""LUXURY: You won't find a more luxurious time piece that profiles our great P\xcc\x94resident Trump in such an honorable wa\xe2\x80\xa6 https://t.co/qF8f3chf6W""",,,,
2022-04-10 18:34:57+00:00,b'I try NOT to be in the stark Red or Blue polarity but I can\xe2\x80\x99t just stay neutral in the face of everything that\xe2\x80\x99s ha\xe2\x80\xa6 https://t.co/sE6zfBzbo4',,,,
2022-04-10 18:33:12+00:00,b'President Donald J. Trump Col\xcc\x97lectible Pocket Watch - Up to 80% OFF Today Only! - FREE SHIPPING \xf0\x9f\xa4\xa3\n\n\xe2\x9e\xa0\xe2\x80\xa6 https://t.co/DPj18nY9R8',,,,
2022-04-10 18:22:43+00:00,b'T\xcc\x8drump Collectible Pocket Watch -  Up to 80% OFF!  Only Today! (FREE SHIPPING) \xf0\x9f\xa7\x90\n\n\xe2\x87\x92https://t.co/C8sc5MHNPM\n\n#Trump\xe2\x80\xa6 https://t.co/J35AS6cCg0',,,,
2022-04-10 18:17:27+00:00,b'@egyptian_neenan This is the new frontier for space tourism and you are trying to shut it down? Regular air travel\xe2\x80\xa6 https://t.co/Iw9g2Yfr6M',Apollo Beach,Hillsborough County,Florida,United States
2022-04-10 18:15:22+00:00,b'President Dona\xcc\x97ld J. Trump Collectible Pocket Watch - Up to 80% OFF Today! (FREE SHIPPING) \xf0\x9f\x98\x8f\n\n\xe2\x9e\xb8\xe2\x80\xa6 https://t.co/gOg8IIoxH3',,,,
2022-04-10 18:09:08+00:00,b'GIFT: This Iconic Watch Makes a Great Gift for friends &amp; family! Today up \xcc\x97to 80% Off! (FREE SHIPPING) \xf0\x9f\x98\x92\xe2\x80\xa6 https://t.co/RbizJHc9mz',,,,
2022-04-10 18:00:54+00:00,b'Trump Collectible Pocket Watch -  Up to 8\xcc\x8d0% OFF!  Only Today! (FREE SHIPPING) \xf0\x9f\xa4\xa9\n\n#PatriotsUnite #LetsGoBrandon\xe2\x80\xa6 https://t.co/SVpb4D2s8C',,,,
2022-04-10 17:57:43+00:00,"b""Trump Collectible Pocket Watch. EXCLUSIVE: You won't find this offer a\xcc\xa1nywhere else but here! (FREE SHIPPING) \xf0\x9f\xa5\xb3\xe2\x80\xa6 https://t.co/J7f2NCAkb1""",,,,
2022-04-10 17:55:36+00:00,b'Trump Collectible Pock\xcc\x97et Watch - Today Up to 80% OFF! (FREE SHIPPING) \xf0\x9f\x98\x9b\n\n\xe2\x9e\xa3https://t.co/K191iHIe8O\xe2\x80\xa6 https://t.co/3H0pdAe12s',,,,
2022-04-10 17:54:32+00:00,b'President Donald\xcc\x8d J. Trump Collectible Pocket Watch -  Up to 80% OFF!  Today Only ! (FREE SHIPPING) \xf0\x9f\x98\x8a\n\n\xe2\x9e\x9f\xe2\x80\xa6 https://t.co/oYrOxJXY2A',,,,
2022-04-10 17:49:14+00:00,b'Trump Collectible Pocket Watch -\xcc\x8d  Up to 80% OFF!  Only Today! (FREE SHIPPING) \xf0\x9f\xa4\xa0\n\n\xe2\x9e\xa3https://t.co/u4HIwet30N\n\n#Maga\xe2\x80\xa6 https://t.co/dn865Z7Tmr',,,,
2022-04-10 17:46:03+00:00,"b""Trump Collectible Pocket Watch. EXCLUSIVE: You won't find th\xcc\x97is offer anywhere else but here! (FREE SHIPPING) \xf0\x9f\x98\x82\xe2\x80\xa6 https://t.co/PJLlj4znxv""",,,,
2022-04-10 17:42:03+00:00,b'Let\xe2\x80\x99s see lads !! #amiright #TRUMP2024 #fuckjoebiden #MakeAmericaGreatAgain https://t.co/p0tav7tPCc',,,,
2022-04-10 17:41:03+00:00,"b'A New War President for The New World Order https://t.co/gCQcssX8Id #bornova, #winmetawin, #warwanarat\xe2\x80\xa6 https://t.co/PnF6goZweg'",,,,
2022-04-10 17:35:00+00:00,b'We are working tirelessly to thank Reince Priebus for making gang members in West Virginia!\n#MakeAmericaGreatAgain\xf0\x9f\x87\xba\xf0\x9f\x87\xb8\nTickets:',,,,
2022-04-10 17:31:04+00:00,"b'A New War President for The New World Order https://t.co/gCQcssX8Id #bornova, #winmetawin, #warwanarat\xe2\x80\xa6 https://t.co/W0hY8l5IxO'",,,,
2022-04-10 17:17:14+00:00,b'President Donald J. Trump Collectible Pocket Watch - Up to 80% OFF T\xcc\x8doday Only! - FREE SHIPPING \xf0\x9f\x98\x8b\n\n#KAG\xe2\x80\xa6 https://t.co/hVPqi7Xq18',Berlin,,,Deutschland
2022-04-10 16:42:57+00:00,b'President Donald J. Trump\xcc\xa1 Collectible Pocket Watch - Up to 80% OFF Today Only! - FREE SHIPPING \xf0\x9f\x99\x84\n\n#TrumpSupporter\xe2\x80\xa6 https://t.co/YcUxgnXkZm',,,,
2022-04-10 16:42:00+00:00,b'So Twitter banned my brother for  saying #TRUMP2024 #SAVEAMERICA #MAKEAMERICAGREATAGAIN #MAGA. Is Twitter and the r\xe2\x80\xa6 https://t.co/N8IrqCtA3k',,,,
2022-04-10 16:40:56+00:00,b'Donald J. Trump Collectible Pocket Watch 80% OFF for Today (Limited Off\xcc\x96er) \xf0\x9f\xa4\xa0\n\n#BringBackTrump\xe2\x80\xa6 https://t.co/GVD74dGvFP',Wichita,Sedgwick County,,United States
2022-04-10 16:33:11+00:00,b'Trump Collectible Pocket Watch -  Up to 80% OFF!  Only Today! (FREE SHIPPING\xcc\xa1) \xf0\x9f\x98\xae\n\n\xe2\x9e\xbehttps://t.co/g9MBZN0LWN\xe2\x80\xa6 https://t.co/x1k3hrgJss',,,,
2022-04-10 16:30:53+00:00,b'Presiden\xcc\x97t Donald J. Trump Collectible Pocket Watch - Up to 80% OFF Today Only! - FREE SHIPPING \xf0\x9f\x98\x91\n\n\xe2\x9e\x9e\xe2\x80\xa6 https://t.co/b1XIq4veUD',San Diego,San Diego County,,United States
2022-04-10 16:25:29+00:00,"b""LUXURY: You won\xcc\x97't find a more luxurious time piece that profiles our great President Trump in such an honorable wa\xe2\x80\xa6 https://t.co/X8tmOVO3KP""",Baltimore,,,United States
2022-04-10 16:11:23+00:00,b'Trump Collectible Pocket Watch - Today Up to 80% OFF! (FR\xcc\x97EE SHIPPING) \xf0\x9f\x98\x9d\n\n\xe2\x9e\xa8https://t.co/KeKS9vw32X\n\n#TrumpRally\xe2\x80\xa6 https://t.co/XGH9z9MMzp',,,,
2022-04-10 15:34:53+00:00,"b'Thinking about the lyrics ""the flag still stands for freedom and they can\'t take that away"" and if the last couple\xe2\x80\xa6 https://t.co/LbCkKVmXav'",,,,
2022-04-10 15:31:05+00:00,"b'A New War President for The New World Order https://t.co/gCQcssX8Id #bornova, #winmetawin, #warwanarat\xe2\x80\xa6 https://t.co/Btc0Bwxa2C'",,,,
2022-04-10 15:16:40+00:00,b'I\xe2\x80\x99m in need of assistance. I\xe2\x80\x99m new to the Republican Party. #YesWeCan #MakeAmericaGreatAgain #AmericasDailyHustler',Indianapolis,Marion County,Indiana,United States
2022-04-10 15:10:11+00:00,b'\xe2\x80\x9cBlood alone moves the wheels of history.\xe2\x80\x9d \xe2\x80\x93 @realDonaldTrump #MakeAmericaGreatAgain',,,,
2022-04-10 14:41:18+00:00,b'Noticing anything? #equity #socialism #MakeAmericaGreatAgain https://t.co/YYcIZgFdKV',,,,
2022-04-10 14:39:49+00:00,b'@JoeBiden although will smith smacked someone at some stupid event we didn\xe2\x80\x99t forget about your sons laptop you fuck\xe2\x80\xa6 https://t.co/8P7OXZtWPE',,,,
2022-04-10 14:10:26+00:00,b'\xe2\x80\x9cYou must always be doing things and obviously succeeding.\xe2\x80\x9d \xe2\x80\x93 @realDonaldTrump #MakeAmericaGreatAgain',,,,
2022-04-10 13:37:05+00:00,"b'We Can #MakeAmericaGreatAgain ...\n\n""The Long Way Home: Returning America to Her Founding Christian Principles""\n\n\xe2\x8f\xa9 O\xe2\x80\xa6 https://t.co/sAspmKCz9J'",,,,
2022-04-10 13:10:25+00:00,b'\xe2\x80\x9cIt is humiliating to remain with our hands folded while others write history.\xe2\x80\x9d \xe2\x80\x93 @realDonaldTrump #MakeAmericaGreatAgain',,,,
2022-04-10 12:21:14+00:00,b'This is what so many R\xe2\x80\x99s meant by #MakeAmericaGreatAgain. #MAGA is and always had been about rolling back progress\xe2\x80\xa6 https://t.co/kLoyikp3Sd',Stow,Summit County,Ohio,United States
2022-04-10 12:10:09+00:00,b'\xe2\x80\x9cI admire the discipline of the American people and their sense of organization.\xe2\x80\x9d \xe2\x80\x93 @realDonaldTrump #MakeAmericaGreatAgain',,,,
2022-04-10 11:10:36+00:00,b'\xe2\x80\x9cA nation of spaghetti eaters cannot restore Roman civilization!\xe2\x80\x9d \xe2\x80\x93 @realDonaldTrump #MakeAmericaGreatAgain',,,,
2022-04-10 10:10:25+00:00,"b'\xe2\x80\x9cSocialism is a fraud, a comedy, a phantom, a blackmail.\xe2\x80\x9d \xe2\x80\x93 @realDonaldTrump #MakeAmericaGreatAgain'",,,,
2022-04-10 09:10:29+00:00,"b'\xe2\x80\x9cLiberty is a duty, not a right.\xe2\x80\x9d \xe2\x80\x93 @realDonaldTrump #MakeAmericaGreatAgain'",,,,
2022-04-10 08:10:10+00:00,b'\xe2\x80\x9cI am making superhuman efforts to educate the people.\xe2\x80\x9d \xe2\x80\x93 @realDonaldTrump #MakeAmericaGreatAgain',,,,
2022-04-10 06:32:52+00:00,b'He will be back. vote him.#Trump  #trumppresident  #MakeAmericaGreatAgain #trumpclothes #LetsGoBrandon https://t.co/wmhEeQXLpx',,,,
2022-04-10 06:10:17+00:00,b'\xe2\x80\x9cThe history of saints is mainly the history of insane people.\xe2\x80\x9d \xe2\x80\x93 @realDonaldTrump #MakeAmericaGreatAgain',,,,
2022-04-10 05:10:32+00:00,b'\xe2\x80\x9cI have stopped the talk and the nonsense. I am a man of action.\xe2\x80\x9d \xe2\x80\x93 @realDonaldTrump #MakeAmericaGreatAgain',,,,
2022-04-10 04:27:52+00:00,"b""nostalgia is expensive.... and so are Biden's policies.... #makeamericagreatagain""",Inver Grove Heights,Dakota County,Minnesota,United States
2022-04-10 04:10:10+00:00,b'\xe2\x80\x9cI want to make my own life a masterpiece.\xe2\x80\x9d \xe2\x80\x93 @realDonaldTrump #MakeAmericaGreatAgain',,,,
2022-04-10 03:10:27+00:00,b'\xe2\x80\x9cThe function of a citizen and a soldier are inseparable.\xe2\x80\x9d \xe2\x80\x93 @realDonaldTrump #MakeAmericaGreatAgain',,,,
2022-04-10 03:06:49+00:00,b'Thank you Donald Trump for your rally today! Gotta get you back in office! Hopefully if we work together we can mak\xe2\x80\xa6 https://t.co/28AGqL2rku',Virginia Beach,,Virginia,United States
2022-04-10 02:57:55+00:00,b'#HoldOnImComing\n#SaveAmerica #TrumpRally\n#PresidentTrump #USA\xf0\x9f\x87\xba\xf0\x9f\x87\xb8\n#TRUMP\xf0\x9f\xa5\x87#DonaldTrump\n#Selma #NC @RSBNetwork\xe2\x80\xa6 https://t.co/VGTnXAhUEg',,,,
2022-04-10 02:57:31+00:00,b'#HoldOnImComing\n#SaveAmerica #TrumpRally\n#PresidentTrump #USA\xf0\x9f\x87\xba\xf0\x9f\x87\xb8\n#TRUMP\xf0\x9f\xa5\x87#DonaldTrump\n#Selma #NC @RSBNetwork\xe2\x80\xa6 https://t.co/PoF31jyJ4F',,,,
2022-04-10 02:56:39+00:00,b'#HoldOnImComing\n#SaveAmerica #TrumpRally\n#PresidentTrump #USA\xf0\x9f\x87\xba\xf0\x9f\x87\xb8\n#TRUMP\xf0\x9f\xa5\x87#DonaldTrump\n#Selma #NC @RSBNetwork\xe2\x80\xa6 https://t.co/f3eVyttLOp',,,,
2022-04-10 02:55:50+00:00,b'#HoldOnImComing\n#SaveAmerica #TrumpRally\n#PresidentTrump #USA\xf0\x9f\x87\xba\xf0\x9f\x87\xb8\n#TRUMP\xf0\x9f\xa5\x87#DonaldTrump\n#Selma #NC @RSBNetwork\xe2\x80\xa6 https://t.co/Sb1eqyYbSX',,,,
2022-04-10 02:54:56+00:00,b'#HoldOnImComing\n#SaveAmerica #TrumpRally\n#PresidentTrump #USA\xf0\x9f\x87\xba\xf0\x9f\x87\xb8\n#TRUMP\xf0\x9f\xa5\x87#DonaldTrump\n#Selma #NC @RSBNetwork\xe2\x80\xa6 https://t.co/1ES5Gh60RM',,,,
2022-04-10 02:53:42+00:00,b'#HoldOnImComing\n#SaveAmerica #TrumpRally\n#PresidentTrump #USA\xf0\x9f\x87\xba\xf0\x9f\x87\xb8\n#TRUMP\xf0\x9f\xa5\x87#DonaldTrump\n#Selma #NC @RSBNetwork\xe2\x80\xa6 https://t.co/QzsvA8OIC0',,,,
2022-04-10 02:52:58+00:00,b'#HoldOnImComing\n#SaveAmerica #TrumpRally\n#PresidentTrump #USA\xf0\x9f\x87\xba\xf0\x9f\x87\xb8\n#TRUMP\xf0\x9f\xa5\x87#DonaldTrump\n#Selma #NC @RSBNetwork\xe2\x80\xa6 https://t.co/CmdAWjBSrP',,,,
2022-04-10 02:52:14+00:00,b'#HoldOnImComing\n#SaveAmerica #TrumpRally\n#PresidentTrump #USA\xf0\x9f\x87\xba\xf0\x9f\x87\xb8\n#TRUMP\xf0\x9f\xa5\x87#DonaldTrump\n#Selma #NC @RSBNetwork\xe2\x80\xa6 https://t.co/ozI3xeWmAk',,,,
2022-04-10 02:50:54+00:00,b'#HoldOnImComing\n#SaveAmerica #TrumpRally\n#PresidentTrump #USA\xf0\x9f\x87\xba\xf0\x9f\x87\xb8\n#TRUMP\xf0\x9f\xa5\x87#DonaldTrump\n#Selma #NC @RSBNetwork\xe2\x80\xa6 https://t.co/lKFL2iEpdl',,,,
2022-04-10 02:50:09+00:00,b'#HoldOnImComing\n#SaveAmerica #TrumpRally\n#PresidentTrump #USA\xf0\x9f\x87\xba\xf0\x9f\x87\xb8\n#TRUMP\xf0\x9f\xa5\x87#DonaldTrump\n#Selma #NC @RSBNetwork\xe2\x80\xa6 https://t.co/XEzWnG8x8g',,,,
2022-04-10 02:48:22+00:00,b'#HoldOnImComing\n#SaveAmerica #TrumpRally\n#PresidentTrump #USA\xf0\x9f\x87\xba\xf0\x9f\x87\xb8\n#TRUMP\xf0\x9f\xa5\x87#DonaldTrump\n#Selma #NC @RSBNetwork\xe2\x80\xa6 https://t.co/kZr6GRGsS5',,,,
2022-04-10 02:47:29+00:00,b'#HoldOnImComing\n#SaveAmerica #TrumpRally\n#PresidentTrump #USA\xf0\x9f\x87\xba\xf0\x9f\x87\xb8\n#TRUMP\xf0\x9f\xa5\x87#DonaldTrump\n#Selma #NC @RSBNetwork\xe2\x80\xa6 https://t.co/fbzxgmlvNp',,,,
2022-04-10 02:46:13+00:00,b'#HoldOnImComing\n#SaveAmerica #TrumpRally\n#PresidentTrump #USA\xf0\x9f\x87\xba\xf0\x9f\x87\xb8\n#TRUMP\xf0\x9f\xa5\x87#DonaldTrump\n#Selma #NC @RSBNetwork\xe2\x80\xa6 https://t.co/PC0IAnkOMe',,,,
2022-04-10 02:45:16+00:00,b'#HoldOnImComing\n#SaveAmerica #TrumpRally\n#PresidentTrump #USA\xf0\x9f\x87\xba\xf0\x9f\x87\xb8\n#TRUMP\xf0\x9f\xa5\x87#DonaldTrump\n#Selma #NC @RSBNetwork\xe2\x80\xa6 https://t.co/EkbgaDzU4d',,,,
2022-04-10 02:31:04+00:00,"b'A New War President for The New World Order https://t.co/gCQcssX8Id #bornova, #winmetawin, #warwanarat\xe2\x80\xa6 https://t.co/9ap34ts0XI'",,,,
2022-04-10 02:20:21+00:00,b'Trump Collectible Pocket Watch -  Up to 80% OF\xcc\xa1F!  Only Today! (FREE SHIPPING) \xf0\x9f\x98\x8b\n\n\xe2\x9e\xafhttps://t.co/e32Rian9Ko\xe2\x80\xa6 https://t.co/llZ69Pax3W',,,,
2022-04-10 02:10:27+00:00,b'\xe2\x80\x9cIt is humiliating to remain with our hands folded while other write history.\xe2\x80\x9d \xe2\x80\x93 @realDonaldTrump #MakeAmericaGreatAgain',,,,
2022-04-10 02:06:10+00:00,b'President Donald J. Trump Collectible Pocket Watch - Up to 80% OFF Today Only!\xcc\x97 - FREE SHIPPING \xf0\x9f\x98\x81\n\n#TrumpWasRight\xe2\x80\xa6 https://t.co/nqzItdnvK2',,,,
2022-04-10 01:26:24+00:00,"b""LUXURY: You won't find a more luxurious time piece that profi\xcc\x94les our great President Trump in such an honorable wa\xe2\x80\xa6 https://t.co/zxKGV5HVun""",,,,
2022-04-10 01:18:56+00:00,"b'To honor him for decades to come, we present to you this President Donald J. Trump Collectible Pocket Watch with FR\xe2\x80\xa6 https://t.co/Ybl7SrYwzP'",,,,
2022-04-10 01:10:12+00:00,"b""\xe2\x80\x9cIt's good to trust others but, not to do so is much better.\xe2\x80\x9d \xe2\x80\x93 @realDonaldTrump #MakeAmericaGreatAgain""",,,,
2022-04-10 00:56:05+00:00,"b'To honor him for decades to come, we present to you this President Dona\xcc\x8dld J. Trump Collectible Pocket Watch with F\xe2\x80\xa6 https://t.co/tIXmjw29u7'",,,,
2022-04-10 00:51:58+00:00,"b""LUXURY: You won't find a more luxurious time piece that profiles our grea\xcc\xa1t President Trump in such an honorable wa\xe2\x80\xa6 https://t.co/NqiM1BdTrV""",,,,
2022-04-10 00:43:03+00:00,"b'President Donald Trump Save America Rally in Selma, North Carolina 4/9/22 \xf0\x9f\x94\xb4 https://t.co/VFqRyrMHZN #LBRY via\xe2\x80\xa6 https://t.co/w0Gq5NGmmH'",,,,
2022-04-10 00:30:55+00:00,b'President Donald J. Trump Collectible Pocket Wa\xcc\x96tch - Up to 80% OFF Today! (FREE SHIPPING) \xf0\x9f\x98\x87\n\n\xe2\x9e\xa0\xe2\x80\xa6 https://t.co/cD3xhxj5mW',,,,
2022-04-10 00:29:51+00:00,"b""LUXURY: You won't find a more luxurious ti\xcc\x94me piece that profiles our great President Trump in such an honorable wa\xe2\x80\xa6 https://t.co/OgnzGaSwsr""",,,,
2022-04-10 00:27:46+00:00,b'GIFT: This Iconic Watch Make\xcc\x8ds a Great Gift for friends &amp; family! Today up to 80% Off! (FREE SHIPPING) \xf0\x9f\x98\x81\xe2\x80\xa6 https://t.co/EcQrBHQEjR',,,,
2022-04-10 00:21:21+00:00,b'Donald J. Trump Collectible Pocket Watch 80% OFF \xcc\x96for Today (Limited Offer) \xf0\x9f\x98\x99\n\n\xe2\x9e\xa8https://t.co/nw4oLNNPlD\n\n#Trump2020\xe2\x80\xa6 https://t.co/pNDZouSIb4',,,,
2022-04-10 00:19:12+00:00,b'Pr\xcc\xa1esident Donald J. Trump Collectible Pocket Watch - Up to 80% OFF Today! (FREE SHIPPING) \xf0\x9f\x98\xae\n\n\xe2\x9e\x94\xe2\x80\xa6 https://t.co/xxYlB1OHeT',,,,
2022-04-10 00:17:43+00:00,b'The Book of Tweets \xf0\x9f\x87\xba\xf0\x9f\x87\xb8 ...\n\n\xe2\x9c\x94 All the Tweets of President Donald Trump in 4 #MakeAmericaGreatAgain Volumes! \xf0\x9f\x93\x9a\n\n\xe2\xac\x87\xef\xb8\x8f OR\xe2\x80\xa6 https://t.co/lBcy1vCJxj',,,,
2022-04-10 00:15:02+00:00,b'HISTORIC: This collectible Pocket Watch is something every Proud Trump Supporter\xcc\x97 should be proud to own for genera\xe2\x80\xa6 https://t.co/3PFyLDLGXl',,,,
2022-04-10 00:11:54+00:00,b'President Donald J. Trump Collectible Pocket Watch - Up to 80% OFF Today Only! \xcc\x94- FREE SHIPPING \xf0\x9f\x98\x8b\n\n\xe2\x9e\xa9\xe2\x80\xa6 https://t.co/JSN9qF9ZVE',,,,
2022-04-10 00:10:40+00:00,b'\xe2\x80\x9cThe Socialists ask what is our program? Our program is to smash the heads of the Socialists.\xe2\x80\x9d \xe2\x80\x93 @realDonaldTrump #MakeAmericaGreatAgain',,,,
2022-04-10 00:09:49+00:00,b'Dona\xcc\xa1ld J. Trump Collectible Pocket Watch 80% OFF for Today (Limited Offer) \xf0\x9f\x98\x84\n\n\xe2\x9e\x9bhttps://t.co/IegRqiDtxB\n\n#KAG\xe2\x80\xa6 https://t.co/w3KlmgB8QT',,,,
2022-04-10 00:03:38+00:00,b'HISTORIC: This collectible Pocket Watch is something every Proud Trump Supporter should be proud to own for generat\xe2\x80\xa6 https://t.co/WTzKQ1kDoH',,,,
2022-04-10 00:01:30+00:00,"b""Trump Collectible Pocket Watch. EXCLUSIVE: You won't find this offer anywhere else but here! (FRE\xcc\x97E SHIPPING) \xf0\x9f\xa5\xb0\xe2\x80\xa6 https://t.co/ySM3q0cova""",,,,
2022-04-10 00:00:29+00:00,b'President Donald J. Trump Collectible Pocket Watch \xcc\xa1- Up to 80% OFF Today Only! - FREE SHIPPING \xf0\x9f\x98\x92\n\n#AmericaFirst\xe2\x80\xa6 https://t.co/nKM3WgJsVS',,,,
2022-04-09 23:32:52+00:00,b'Cheers!!! #TrumpRallyNC #MakeAmericaGreatAgain https://t.co/NiiGvxhiGB',,,,
2022-04-09 23:17:15+00:00,b'\xf0\x9f\x87\xba\xf0\x9f\x87\xb8#SaveAmerica #TrumpRally\n#PresidentTrump #USA\xf0\x9f\x87\xba\xf0\x9f\x87\xb8\n#TRUMP\xf0\x9f\xa5\x87#DonaldTrump\n#Selma #NC @RSBNetwork \n#NorthCarolina\xe2\x80\xa6 https://t.co/AVcZwPBWwo',,,,
2022-04-09 23:17:08+00:00,b'\xf0\x9f\x87\xba\xf0\x9f\x87\xb8#SaveAmerica #TrumpRally\n#PresidentTrump #USA\xf0\x9f\x87\xba\xf0\x9f\x87\xb8\n#TRUMP\xf0\x9f\xa5\x87#DonaldTrump\n#Selma #NC @RSBNetwork \n#NorthCarolina\xe2\x80\xa6 https://t.co/lBOINzg14W',,,,
2022-04-09 23:16:30+00:00,b'\xf0\x9f\x87\xba\xf0\x9f\x87\xb8#SaveAmerica #TrumpRally\n#PresidentTrump #USA\xf0\x9f\x87\xba\xf0\x9f\x87\xb8\n#TRUMP\xf0\x9f\xa5\x87#DonaldTrump\n#Selma #NC @RSBNetwork \n#NorthCarolina\xe2\x80\xa6 https://t.co/sum5rl8dUK',,,,
2022-04-09 23:10:37+00:00,b'\xe2\x80\x9cLife ... should be high and full [and] lived for oneself\xe2\x80\x9d \xe2\x80\x93 @realDonaldTrump #MakeAmericaGreatAgain',,,,
2022-04-09 23:09:53+00:00,"b'LIVE STREAM: Donald Trump Save America Rally in Selma, North Carolina 4/... https://t.co/xsw7VxS2VT #trump #maga\xe2\x80\xa6 https://t.co/2lp58wLRvT'",,,,
2022-04-09 23:01:38+00:00,"b'While trump is spewing his hate tonight, remember this. No nation has ever made itself great by ignoring the health\xe2\x80\xa6 https://t.co/E4bfo6mTPQ'",,,,
2022-04-09 22:45:17+00:00,b'At #TrumpRally Trump Rally in Selma NC the #MakeAmericaGreatAgain #SaveAmerica #SaveAmericaRally Save America\xe2\x80\xa6 https://t.co/Jz82MZZtF7',,,,
2022-04-09 22:26:41+00:00,b'#Trump is a real-life #superhero just like he\xe2\x80\x99s from the #DCComics - his helmet protects him from the villains like\xe2\x80\xa6 https://t.co/UM8p8pJ0Mu',Philadelphia,Philadelphia County,Pennsylvania,United States
2022-04-09 22:26:19+00:00,"b""I know what I'm wearing to watch tonight's #TrumpRally  #makeamericafreeagain #makeamericasafeagain\xe2\x80\xa6 https://t.co/sOj8j8OFec""",,Polk County,Florida,United States
2022-04-09 22:10:27+00:00,b'\xe2\x80\x9cDemocracy is talking itself to death.\xe2\x80\x9d \xe2\x80\x93 @realDonaldTrump #MakeAmericaGreatAgain',,,,
2022-04-09 21:31:07+00:00,"b'A New War President for The New World Order https://t.co/gCQcssX8Id #bornova, #winmetawin, #warwanarat\xe2\x80\xa6 https://t.co/c8bWIlrX8d'",,,,
2022-04-09 21:10:16+00:00,"b'\xe2\x80\x9cWe do not argue with those who disagree with us, we destroy them.\xe2\x80\x9d \xe2\x80\x93 @realDonaldTrump #MakeAmericaGreatAgain'",,,,
2022-04-09 20:10:34+00:00,b'\xe2\x80\x9cSilence is the only answer you should give to the fools.\xe2\x80\x9d \xe2\x80\x93 @realDonaldTrump #MakeAmericaGreatAgain',,,,
2022-04-09 19:37:20+00:00,"b""Be proud to be an American. The greatest country in the world. If it's not then most people won't try so hard to ge\xe2\x80\xa6 https://t.co/xoZiiUMTba""",Tampa,Hillsborough County,Florida,United States
2022-04-09 19:05:06+00:00,b'At #TrumpRally Trump Rally in Selma NC the #MakeAmericaGreatAgain #SaveAmerica #SaveAmericaRally Save America\xe2\x80\xa6 https://t.co/L1DqY6kmFN',,,,
2022-04-09 18:59:41+00:00,"b'LIVE STREAM: Donald Trump Save America Rally in Selma, North Carolina 4/... https://t.co/xsw7VxS2VT via @YouTube\xe2\x80\xa6 https://t.co/k78B6CchKF'",,,,
2022-04-09 18:36:39+00:00,"b""LUXURY: You won't find a more luxurious time piece that profiles our\xcc\x96 great President Trump in such an honorable wa\xe2\x80\xa6 https://t.co/Kzpnd4jzvF""",Bad Axe,Huron County,,United States
2022-04-09 18:28:27+00:00,b'HISTORIC: This collectible Pocket Watch is something every Proud Trump Supporter should be proud to own for generat\xe2\x80\xa6 https://t.co/izSLpBHSKw',Denver,,,United States
2022-04-09 18:18:06+00:00,b'GIFT: This Iconic Watch Makes a Great Gift for friends &amp; f\xcc\x96amily! Today up to 80% Off! (FREE SHIPPING) \xf0\x9f\x98\x92\xe2\x80\xa6 https://t.co/uyxw7bXzJ8',,,,
2022-04-09 18:15:04+00:00,b'Trump Collectible Pocket Watch -  \xcc\x96Up to 80% OFF!  Only Today! (FREE SHIPPING) \xf0\x9f\x98\x89\n\n\xe2\x87\xa8https://t.co/yyksslszER\xe2\x80\xa6 https://t.co/PyINCh0YtF',,,,
2022-04-09 18:10:22+00:00,b'\xe2\x80\x9cThe truth is that men are tired of liberty\xe2\x80\x9d \xe2\x80\x93 @realDonaldTrump #MakeAmericaGreatAgain',,,,
2022-04-09 18:09:44+00:00,b'Don\xcc\x97ald J. Trump Collectible Pocket Watch 80% OFF for Today (Limited Offer) \xf0\x9f\x98\x98\n\n#AmericaFirst\xe2\x80\xa6 https://t.co/ZqlV6bE1ym',,,,
2022-04-09 18:03:26+00:00,b'Trump Collectible Pocket Watch -  Up\xcc\x94 to 80% OFF!  Only Today! (FREE SHIPPING) \xf0\x9f\x98\x85\n\n#MakeAmericaGreatAgain\xe2\x80\xa6 https://t.co/V2tHGXNJzX',,,,
2022-04-09 17:49:50+00:00,"b""And if our duly-elected, rightful President were in office, we wouldn't be talking war!  \n\n#TrumpWon\xe2\x80\xa6 https://t.co/6msE5GV4Wc""",,,,
2022-04-09 17:31:07+00:00,"b'A New War President for The New World Order https://t.co/gCQcssXGxL #bornova, #winmetawin, #warwanarat\xe2\x80\xa6 https://t.co/WSgnJfIG7u'",,,,
2022-04-09 17:04:58+00:00,b'HEY EVERYBODY ANYBODY \nWHO IS SOMEBODY WATCHES \nRight \nSide \nBroadcasting \nNetwork\n#AmericaFirst\n#MAGA\n#RSBN\xe2\x9d\xa4\xef\xb8\x8f\xf0\x9f\x87\xba\xf0\x9f\x87\xb8\xe2\x80\xa6 https://t.co/HKiT8oipNK',,,,
2022-04-09 16:52:59+00:00,"b'Greatest President EVER and he\xe2\x80\x99s not done yet, he just begun. Buckle up and enjoy the ride! @realDonaldTrump\xe2\x80\xa6 https://t.co/xwuUFGoeS9'",,,,
2022-04-09 16:22:17+00:00,"b""I love America. I'm proud to be an American. I will speak up against the injustices any day. We the people are stro\xe2\x80\xa6 https://t.co/paKPonGGc9""",,,,
2022-04-09 16:19:23+00:00,b'This interview clearly shows that @LeaderMcConnell is more loyal to the @GOP than he is too the United States.\nHe c\xe2\x80\xa6 https://t.co/hpwfObdvKl',,,,
2022-04-09 16:18:05+00:00,"b'To honor him for decades to come, we present to you this President Donald J. Trump Collectible Pocket Watch with \xcc\x8dF\xe2\x80\xa6 https://t.co/JNxOFUKUi6'",Gray,Haute-Saône,,France
2022-04-09 16:17:09+00:00,b'At #TrumpRally Trump Rally in Selma NC the #MakeAmericaGreatAgain #SaveAmerica #SaveAmericaRally Save America\xe2\x80\xa6 https://t.co/xuOjvV0tZC',,,,
2022-04-09 16:10:27+00:00,b'\xe2\x80\x9cYou hate me because you still love me.\xe2\x80\x9d \xe2\x80\x93 @realDonaldTrump #MakeAmericaGreatAgain',,,,
2022-04-09 16:04:06+00:00,b'Incredible thread by Steve Schmidt!\nLong but worth the read if you value America and are a Patriot.\n#MAGA\xe2\x80\xa6 https://t.co/lMdQ6uprWU',,,,
2022-04-09 16:01:12+00:00,b'After the interview with @jonathanvswan....\n#MAGA #MakeAmericaGreatAgain #TheResistance https://t.co/YDv5YjbGDt',,,,
2022-04-09 15:10:12+00:00,b'\xe2\x80\x9cWe have buried the putrid corpse of liberty\xe2\x80\x9d \xe2\x80\x93 @realDonaldTrump #MakeAmericaGreatAgain',,,,
2022-04-09 15:07:23+00:00,"b'America\xe2\x80\x99s enemies know, that when a nation manufactures local, they become strong. Thus our enemies pay academics o\xe2\x80\xa6 https://t.co/0h7YJshyhw'",Laguna Beach,Orange County,California,United States
2022-04-09 14:10:27+00:00,"b'\xe2\x80\x9cRace? It is a feeling, not a reality.\xe2\x80\x9d \xe2\x80\x93 @realDonaldTrump #MakeAmericaGreatAgain'",,,,
2022-04-09 13:10:09+00:00,b'\xe2\x80\x9cWar cannot be waged without hating the enemy.\xe2\x80\x9d \xe2\x80\x93 @realDonaldTrump #MakeAmericaGreatAgain',,,,
2022-04-09 12:30:28+00:00,b'Good morning Mr. President @realDonaldTrump \xf0\x9f\x87\xba\xf0\x9f\x87\xb8\xf0\x9f\xa6\x85\xf0\x9f\x98\x8e #MakeAmericaGreatAgain \n#TruthAtAllCosts #MyPresident https://t.co/wdE4vFJrQq',,,,
2022-04-09 12:10:19+00:00,b'\xe2\x80\x9cNapoleon put a term to a revolution whereas I have begun one.\xe2\x80\x9d \xe2\x80\x93 @realDonaldTrump #MakeAmericaGreatAgain',,,,
2022-04-09 11:12:21+00:00,b'@michaeljknowles @NoThreat4 come on\xe2\x80\xa6\xe2\x80\xa6. You do this in negotiations you get ran over\xe2\x80\xa6.. #Trump #MakeAmericaGreatAgain',Minneapolis,Hennepin County,Minnesota,United States
2022-04-09 11:10:13+00:00,b'\xe2\x80\x9cDemocracy is beautiful in theory; in practice it is a fallacy.\xe2\x80\x9d \xe2\x80\x93 @realDonaldTrump #MakeAmericaGreatAgain',,,,
2022-04-09 10:58:08+00:00,b'Trump Collectible Pocket Watch \xcc\x97-  Up to 80% OFF!  Only Today! (FREE SHIPPING) \xf0\x9f\x98\x81\n\n\xe2\x9e\xaahttps://t.co/0aqmX2Idt5\xe2\x80\xa6 https://t.co/cw5ZS5ZEMw',Indian Trail,Union County,North Carolina,United States
2022-04-09 10:22:26+00:00,b'Trump Col\xcc\x96lectible Pocket Watch -  Up to 80% OFF!  Only Today! (FREE SHIPPING) \xf0\x9f\xa4\x94\n\n\xe2\x9e\x99https://t.co/LA4vS15vPC\n\n#Maga\xe2\x80\xa6 https://t.co/BGBgCLvRAt',Denver,,Colorado,United States
2022-04-09 10:10:18+00:00,b'\xe2\x80\x9cInactivity is death.\xe2\x80\x9d \xe2\x80\x93 @realDonaldTrump #MakeAmericaGreatAgain',,,,
2022-04-09 09:10:10+00:00,"b'\xe2\x80\x9cSocialism is a fraud, a comedy, a phantom, a blackmail.\xe2\x80\x9d \xe2\x80\x93 @realDonaldTrump #MakeAmericaGreatAgain'",,,,
2022-04-09 08:52:30+00:00,b'President Donald J. Trump Collectible Pocket Watch -  Up to 80% OFF! \xcc\x94 Today Only ! (FREE SHIPPING) \xf0\x9f\xa4\xab\n\n\xe2\x9e\xbe\xe2\x80\xa6 https://t.co/a1pLi5G69e',Houma,Terrebonne Parish,,United States
2022-04-09 08:23:45+00:00,b'Say goodbye to your Gov spot. \n#VoteRed #MakeAmericaGreatAgain https://t.co/NQ7qWwp3WP https://t.co/GyN6Eupp2o',,,,
2022-04-09 08:10:28+00:00,b'\xe2\x80\x9cIt is better to live one day as a lion than 100 years as a sheep.\xe2\x80\x9d \xe2\x80\x93 @realDonaldTrump #MakeAmericaGreatAgain',,,,
2022-04-09 07:52:08+00:00,b'Trump Collectible Pocket Watch - Today Up \xcc\x94to 80% OFF! (FREE SHIPPING) \xf0\x9f\x99\x83\n\n\xf0\x9f\x91\x89https://t.co/jWJn4lie3e\n\n#SaturdayVibe\xe2\x80\xa6 https://t.co/03BBL4B6rh',,,,
2022-04-09 06:59:23+00:00,b'HISTORIC: This collectible Pocket Watch is something every Proud Trump Supporter should be proud to own for gener\xcc\x8da\xe2\x80\xa6 https://t.co/S1VW7A3KFR',Apple Creek,Wayne County,Ohio,United States
2022-04-09 06:58:23+00:00,b'President Donald J\xcc\x96. Trump Collectible Pocket Watch - Up to 80% OFF Today Only! - FREE SHIPPING \xf0\x9f\xa5\xb0\n\n#DonaldTrump\xe2\x80\xa6 https://t.co/aZC5R55UNN',Charlottesville,,,United States
2022-04-09 06:10:20+00:00,b'\xe2\x80\x9cIt is humiliating to remain with our hands folded while other write history.\xe2\x80\x9d \xe2\x80\x93 @realDonaldTrump #MakeAmericaGreatAgain',,,,
2022-04-09 06:10:16+00:00,b'HISTORIC: This collectib\xcc\xa1le Pocket Watch is something every Proud Trump Supporter should be proud to own for genera\xe2\x80\xa6 https://t.co/iuX9Sls8mm',Rocklin,Placer County,,United States
2022-04-09 06:01:40+00:00,b'President Donald J. Trump Collectible Pocket Watch -  Up to 80% OFF!  Today Only ! (FREE \xcc\xa1SHIPPING) \xf0\x9f\xa4\xad\n\n\xe2\x9e\xba\xe2\x80\xa6 https://t.co/Hhv1KZsWhJ',Arlington,Tarrant County,,United States
2022-04-09 05:10:14+00:00,b'\xe2\x80\x9cIt is humiliating to remain with our hands folded while others write history.\xe2\x80\x9d \xe2\x80\x93 @realDonaldTrump #MakeAmericaGreatAgain',,,,
2022-04-09 04:29:42+00:00,"b""Trump Collectible Pocket Watch. EXCLUSIVE: You won't find this offer anywher\xcc\x94e else but here! (FREE SHIPPING) \xf0\x9f\x98\x8b\xe2\x80\xa6 https://t.co/1O1IoG6F0t""",,,,
2022-04-09 04:10:08+00:00,b'\xe2\x80\x9cI admire the discipline of the American people and their sense of organization.\xe2\x80\x9d \xe2\x80\x93 @realDonaldTrump #MakeAmericaGreatAgain',,,,
2022-04-09 04:04:11+00:00,b'Donald J. Trump Collectible Pocke\xcc\x96t Watch 80% OFF for Today (Limited Offer) \xf0\x9f\xa4\xa1\n\n\xe2\x9e\xaahttps://t.co/nj4qJ0nTiR\n\n#Trump2024\xe2\x80\xa6 https://t.co/1FAx4T3PNW',,,,
2022-04-09 03:28:47+00:00,b'Donald J. Trump Collectible \xcc\x96Pocket Watch 80% OFF for Today (Limited Offer) \xf0\x9f\x98\xb1\n\n#Maga #LetsGoBrandon #Trump\xe2\x80\xa6 https://t.co/fYotFOXa0w',,,,
2022-04-09 03:20:22+00:00,b'President Donald J. Trump Collectible Pocket Watch -\xcc\x8d Up to 80% OFF Today! (FREE SHIPPING) \xf0\x9f\xa4\xa8\n\n\xe2\x9e\xaf\xe2\x80\xa6 https://t.co/1OgYaYLBDJ',,,,
2022-04-09 03:17:05+00:00,b'Donald J. Trump Collectible Pocket Watch 80% OFF for Today (Limited Offer\xcc\x96) \xf0\x9f\x98\x87\n\n\xe2\x9e\x99https://t.co/sb6mGCg83e\n\n#Trump2024\xe2\x80\xa6 https://t.co/SoOW7URrqO',,,,
2022-04-09 03:14:29+00:00,"b'@TheOfficerTatum my husband &amp; I got our shirts today love them, But can you please come out with kids and toddler t\xe2\x80\xa6 https://t.co/8YwGQT3KNt'",,,,
2022-04-09 03:13:42+00:00,b'GIFT: This Iconi\xcc\x94c Watch Makes a Great Gift for friends &amp; family! Today up to 80% Off! (FREE SHIPPING) \xf0\x9f\xa4\x91\n\n#Maga\xe2\x80\xa6 https://t.co/CIKG1grGdt',,,,
2022-04-09 03:10:23+00:00,b'\xe2\x80\x9cSilence is the only answer you should give to the fools.\xe2\x80\x9d \xe2\x80\x93 @realDonaldTrump #MakeAmericaGreatAgain',,,,
2022-04-09 03:06:11+00:00,b'Donald J. Trump Collectible Pocket Watch 80% OFF for Today (Limited Offe\xcc\x96r) \xf0\x9f\x98\x85\n\n\xe2\x9e\xbbhttps://t.co/wvqGUTfLiZ\xe2\x80\xa6 https://t.co/n5QkSuTi65',,,,
2022-04-09 02:29:12+00:00,b'GIFT: This Iconic Watch Ma\xcc\x8dkes a Great Gift for friends &amp; family! Today up to 80% Off! (FREE SHIPPING) \xf0\x9f\xa4\xa0\n\n\xe2\x9e\xa8\xe2\x80\xa6 https://t.co/Z4XDynAQz9',,,,
2022-04-09 02:26:59+00:00,b'President Donald J. Trump Collectible Pocket Watch - Up to 80% OFF Tod\xcc\x97ay Only! - FREE SHIPPING \xf0\x9f\x98\xb1\n\n\xe2\x9e\x9b\xe2\x80\xa6 https://t.co/2ayEd6vVmU',,,,
2022-04-09 02:25:11+00:00,b'We are living in the 6th circle of Hell. I\xe2\x80\x99m tired of the pain and suffering..make it stop! \n#MakeAmericaGreatAgain https://t.co/aBKttHUm6G',Virginia Beach,,Virginia,United States
2022-04-09 02:18:52+00:00,"b'Omgosh, Seriously Jen?! \xf0\x9f\x98\xad\xf0\x9f\x98\xad\n#SaveAmerica #MakeAmericaGreatAgain\nAlso, we miss you,#45 Sir! \n\xf0\x9f\x99\x8f\xe2\x9d\xa3\xef\xb8\x8f\xf0\x9f\x87\xba\xf0\x9f\x87\xb2 @PapiTrumpo My Pre\xe2\x80\xa6 https://t.co/DqdVwHZYzc'",,,,
2022-04-09 02:12:57+00:00,b'President Donald J. Trump Collectible Pocket Watch - Up to 80% OFF Today! (FREE\xcc\x94 SHIPPING) \xf0\x9f\x98\x84\n\n\xe2\x86\x92\xe2\x80\xa6 https://t.co/pJbQZOnoNW',,,,
2022-04-09 02:10:22+00:00,"b'\xe2\x80\x9cLiberty is a duty, not a right.\xe2\x80\x9d \xe2\x80\x93 @realDonaldTrump #MakeAmericaGreatAgain'",,,,
2022-04-09 02:04:33+00:00,b'President Donald J. Trump Collectible Pocket Watch\xcc\x96 - Up to 80% OFF Today Only! - FREE SHIPPING \xf0\x9f\xa4\xad\n\n#BringBackTrump\xe2\x80\xa6 https://t.co/6NixQxfrrL',,,,
2022-04-09 02:02:31+00:00,"b""LUXURY: You won't find a more luxurious time piece that profiles our great President Trump in such an honorable way\xe2\x80\xa6 https://t.co/pXDa5bdRRy""",,,,
2022-04-09 01:35:15+00:00,b'@BernieSanders Yes! Best thing u can do is QUIT! and let the right people handle it! #MakeAmericaGreatAgain #TRUMP2024ToSaveAmerica',Hidalgo,Cardonal,,México
2022-04-09 01:10:34+00:00,b'\xe2\x80\x9cYou must always be doing things and obviously succeeding.\xe2\x80\x9d \xe2\x80\x93 @realDonaldTrump #MakeAmericaGreatAgain',,,,
2022-04-09 01:03:56+00:00,"b'@MPLM042313 Americans For Trump, Keep America First / President Trump Shirt, Patriot shirt, Best Republican Gift,\xe2\x80\xa6 https://t.co/cDG0rOBXJs'",,,,
2022-04-09 00:53:41+00:00,b'\xf0\x9f\x91\x87\xf0\x9f\x91\x87Raised Right - Republican Elephant #republican #politics #donaldtrump #president #makeamericagreatagain\xe2\x80\xa6 https://t.co/L75giMEloT',,,,
2022-04-09 00:50:05+00:00,b'Oh really who would have guessed these OUTRAGEOUS  numbers \xf0\x9f\x99\x84 #MakeAmericaGreatAgain YEEEEAAAAAAAAHHHHHHH!!!! https://t.co/bCmz07e515',,,,
2022-04-09 00:10:32+00:00,b'\xe2\x80\x9cI have stopped the talk and the nonsense. I am a man of action.\xe2\x80\x9d \xe2\x80\x93 @realDonaldTrump #MakeAmericaGreatAgain',,,,
2022-04-08 23:10:18+00:00,b'\xe2\x80\x9cI want to make my own life a masterpiece.\xe2\x80\x9d \xe2\x80\x93 @realDonaldTrump #MakeAmericaGreatAgain',,,,
2022-04-08 22:10:17+00:00,b'\xe2\x80\x9cInactivity is death.\xe2\x80\x9d \xe2\x80\x93 @realDonaldTrump #MakeAmericaGreatAgain',,,,
2022-04-08 21:16:26+00:00,"b'Excuse me, come again? \xf0\x9f\x98\x82\xf0\x9f\x92\x80 #MakeAmericaGreatAgain https://t.co/isGJbsYsmA'",,,,
2022-04-08 21:10:37+00:00,b'\xe2\x80\x9cNapoleon put a term to a revolution whereas I have begun one.\xe2\x80\x9d \xe2\x80\x93 @realDonaldTrump #MakeAmericaGreatAgain',,,,
2022-04-08 21:03:08+00:00,"b'America(this was the real American dream)\nno not Rome nor grease. America prior to the ""founding"" fathers, and the\xe2\x80\xa6 https://t.co/Mt9ZEulga1'",,,,
2022-04-08 20:58:53+00:00,b'Justice Ketanji Brown Jackson is making America great! #MakeAmericaGreatAgain every American should relish this mom\xe2\x80\xa6 https://t.co/blC0FanYwz',,,,
2022-04-08 20:10:27+00:00,"b'\xe2\x80\x9cWe do not argue with those who disagree with us, we destroy them.\xe2\x80\x9d \xe2\x80\x93 @realDonaldTrump #MakeAmericaGreatAgain'",,,,
2022-04-08 19:46:48+00:00,b'\xf0\x9f\x98\x82\xf0\x9f\x98\x82\xf0\x9f\x98\x82\n#MakeAmericaGreatAgain \n#MAGA\n#BringBackTrump \n#TrumpWasRightAboutEverything \n#DonaldTrump \n#Trump2024\n\xf0\x9f\x98\x85\xf0\x9f\xa4\xa3\xf0\x9f\x98\x85\xf0\x9f\xa4\xa3\xf0\x9f\x96\x95\xf0\x9f\x8f\xbcTr\xe2\x80\xa6 https://t.co/vC3y1W2K4c',Burbank,Los Angeles County,California,United States
2022-04-08 19:33:01+00:00,b'@OccupyDemocrats I really do love how President Trump lives freely in all of your heads still \xf0\x9f\xa4\xa3\xf0\x9f\xa4\xa3#BringBackTrump\xe2\x80\xa6 https://t.co/rKrb4Tswvu',,,,
2022-04-08 19:10:21+00:00,b'\xe2\x80\x9cYou hate me because you still love me.\xe2\x80\x9d \xe2\x80\x93 @realDonaldTrump #MakeAmericaGreatAgain',,,,
2022-04-08 19:02:39+00:00,b'President Trump coming to NC for a rally. Here\xe2\x80\x99s how to watch it:\n#TrumpRally #TRUMP2024 #MakeAmericaGreatAgain\xe2\x80\xa6 https://t.co/kqHfQ9lo3W',,,,
2022-04-08 18:10:24+00:00,b'\xe2\x80\x9cLife ... should be high and full [and] lived for oneself\xe2\x80\x9d \xe2\x80\x93 @realDonaldTrump #MakeAmericaGreatAgain',,,,
2022-04-08 17:09:13+00:00,b'Blackburn To Austin: Why Did Biden Officials Share Intel With Chinese Officials?\n@VoteMarsha @VoteMarsha\xe2\x80\xa6 https://t.co/Ajd7syHMow',,,,
2022-04-08 16:10:27+00:00,b'\xe2\x80\x9cThe truth is that men are tired of liberty\xe2\x80\x9d \xe2\x80\x93 @realDonaldTrump #MakeAmericaGreatAgain',,,,
2022-04-08 16:03:20+00:00,b'Is he even a biologist tho \xf0\x9f\xa4\x94 \n\xe2\x80\xa2\n#FJB #FJBiden #Patriot #LetsGoBrandon #Trump #TRUMP2024 #MAGA #SaveAmerica\xe2\x80\xa6 https://t.co/ogSPn6S0JR',Irvine,Orange County,California,United States
2022-04-08 15:02:08+00:00,b'* * * JAIL TRUMP * * *  And Make America Great Again !\n\n#JailTrump #MakeAmericaGreatAgain #AmericaGreatAgain #Trump\xe2\x80\xa6 https://t.co/MR3kRWE0Vr',,,,
2022-04-08 14:45:53+00:00,b'Who thinks Joe Biden should be impeached and the rest the clowns with him?#MakeAmericagreatagain',Williamsburg,Williamsburg (city),Virginia,United States
2022-04-08 14:33:12+00:00,"b'Biden has very important tasks...\xf0\x9f\x99\x83\n\nIf you like this post, follow us and share it!\n\n#inflation #JoeBiden #Biden\xe2\x80\xa6 https://t.co/Cssswcn0Ry'",,,,
2022-04-08 14:11:36+00:00,"b'if we\xe2\x80\x99re being honest, id probs participate in the purge #MakeAmericaGreatAgain'",,,,
2022-04-08 14:10:26+00:00,"b""\xe2\x80\x9cIt's good to trust others but, not to do so is much better.\xe2\x80\x9d \xe2\x80\x93 @realDonaldTrump #MakeAmericaGreatAgain""",,,,
2022-04-08 13:10:12+00:00,b'\xe2\x80\x9cDemocracy is beautiful in theory; in practice it is a fallacy.\xe2\x80\x9d \xe2\x80\x93 @realDonaldTrump #MakeAmericaGreatAgain',,,,
2022-04-08 12:56:52+00:00,"b'It\xe2\x80\x99s true, #HunterBiden laptops matter. \n\nMAGA #HunterBidenLaptop #letsgobrandon #FJB #Trump #Trump2024 #TrumpWon\xe2\x80\xa6 https://t.co/X2iS2LNeoL'",Philadelphia,Philadelphia County,Pennsylvania,United States
2022-04-08 12:55:57+00:00,"b'We all do that when kamala speaks\xf0\x9f\xa4\xa3\n\nIf you like this post, follow us and share it!\n\n#inflation #kamalaharris\xe2\x80\xa6 https://t.co/Ep85GF1j0g'",,,,
2022-04-08 12:10:25+00:00,b'\xe2\x80\x9cWe have buried the putrid corpse of liberty\xe2\x80\x9d \xe2\x80\x93 @realDonaldTrump #MakeAmericaGreatAgain',,,,
2022-04-08 11:10:31+00:00,b'\xe2\x80\x9cBlood alone moves the wheels of history.\xe2\x80\x9d \xe2\x80\x93 @realDonaldTrump #MakeAmericaGreatAgain',,,,
2022-04-08 10:51:00+00:00,b'The Book of Tweets \xf0\x9f\x87\xba\xf0\x9f\x87\xb8 ...\n\n\xe2\x9c\x94 All the Tweets of President Donald Trump in 4 #MakeAmericaGreatAgain Volumes! \xf0\x9f\x93\x9a\n\nThis\xe2\x80\xa6 https://t.co/EWyWOa52px',,,,
2022-04-08 10:10:26+00:00,b'\xe2\x80\x9cI am making superhuman efforts to educate the people.\xe2\x80\x9d \xe2\x80\x93 @realDonaldTrump #MakeAmericaGreatAgain',,,,
2022-04-08 08:12:12+00:00,"b""When leaders can't even define what a woman is, they have no place in a leadership role. It's time to remove every\xe2\x80\xa6 https://t.co/6vJWtv1ItW""",,,,
2022-04-08 07:10:25+00:00,b'\xe2\x80\x9cA nation of spaghetti eaters cannot restore Roman civilization!\xe2\x80\x9d \xe2\x80\x93 @realDonaldTrump #MakeAmericaGreatAgain',,,,
2022-04-08 05:53:36+00:00,b'Pat lad on all of the country is time to jab was a great they will make a surview over Crooked Hillary! While Hilla\xe2\x80\xa6 https://t.co/3XeCRc2V5w',,,,
2022-04-08 05:10:26+00:00,"b'\xe2\x80\x9cRace? It is a feeling, not a reality.\xe2\x80\x9d \xe2\x80\x93 @realDonaldTrump #MakeAmericaGreatAgain'",,,,
2022-04-08 03:11:29+00:00,b'\xf0\x9f\xa4\xa3\xf0\x9f\xa4\xa3\xf0\x9f\xa4\xa3Best meme I\xe2\x80\x99ve seen\xe2\x80\xa6 you people are truly sick but really funny. Relax haters it\xe2\x80\x99s a meme not violence.\n#trump\xe2\x80\xa6 https://t.co/q8d9KInSLN',,,,
2022-04-08 02:27:22+00:00,b'There are many companies that I can help by speaking to their staff. They all need to be reminded of the power they\xe2\x80\xa6 https://t.co/4Lghd1IGyM',,,,
2022-04-08 02:10:23+00:00,b'\xe2\x80\x9cWar cannot be waged without hating the enemy.\xe2\x80\x9d \xe2\x80\x93 @realDonaldTrump #MakeAmericaGreatAgain',,,,
2022-04-08 01:10:26+00:00,b'\xe2\x80\x9cThe function of a citizen and a soldier are inseparable.\xe2\x80\x9d \xe2\x80\x93 @realDonaldTrump #MakeAmericaGreatAgain',,,,
2022-04-08 00:10:13+00:00,b'\xe2\x80\x9cDemocracy is talking itself to death.\xe2\x80\x9d \xe2\x80\x93 @realDonaldTrump #MakeAmericaGreatAgain',,,,
2022-04-07 23:48:00+00:00,"b'@EricTrump Ivanka Trump\'s ""relationship"" with her father Donald John does NOT mean she is ""infected"" with HIV.\xe2\x80\xa6 https://t.co/MOHeEb6wd3'",,,,
2022-04-07 23:10:12+00:00,b'\xe2\x80\x9cIt is better to live one day as a lion than 100 years as a sheep.\xe2\x80\x9d \xe2\x80\x93 @realDonaldTrump #MakeAmericaGreatAgain',,,,
2022-04-07 23:02:17+00:00,"b'@KaTribu1 America needs to get rid of Filipino Terrorists (like the Marcos Clan) in New York.\n#MAGA,\xe2\x80\xa6 https://t.co/FPahYuBuv4'",,,,
2022-04-07 23:01:03+00:00,b'The IHS CONNECTION\n#americawasstolen #MakeAmericaGreatAgain \n\n@MungerMaxime @WhiteHouse45 @TRUMPC0IN https://t.co/XX0Cd1sdDh',Norman,Cleveland County,Oklahoma,United States
2022-04-07 22:10:22+00:00,b'\xe2\x80\x9cThe Socialists ask what is our program? Our program is to smash the heads of the Socialists.\xe2\x80\x9d \xe2\x80\x93 @realDonaldTrump #MakeAmericaGreatAgain',,,,
2022-04-07 21:10:10+00:00,b'\xe2\x80\x9cI am making superhuman efforts to educate the people.\xe2\x80\x9d \xe2\x80\x93 @realDonaldTrump #MakeAmericaGreatAgain',,,,
2022-04-07 21:07:12+00:00,b'@JoeBiden Trump4America #MakeAmericaGreatAgain',,,,
2022-04-07 20:30:23+00:00,"b'\xf0\x9f\x98\x85THIS is NOT what GOP-NAZIS meant when they whined ""Make America NAZI... I mean... \'Great\'... Again""\xf0\x9f\x98\x85 #maga\xe2\x80\xa6 https://t.co/vGgvWI4aYw'",,,,
2022-04-07 20:10:17+00:00,b'\xe2\x80\x9cSilence is the only answer you should give to the fools.\xe2\x80\x9d \xe2\x80\x93 @realDonaldTrump #MakeAmericaGreatAgain',,,,
2022-04-07 20:07:22+00:00,b'Thank God there is still conservative majority on the court. Just wait until the Republicans take back the house an\xe2\x80\xa6 https://t.co/PaO59ynTqT',,,,
2022-04-07 19:23:53+00:00,"b'West Virginia!\n#MakeAmericaGreatAgain #Trump2016 Illegals out! Gipoo, good Jock Shepherd, our grocerest churcher, as a stroll'",,,,
2022-04-07 19:10:12+00:00,b'\xe2\x80\x9cThe truth is that men are tired of liberty\xe2\x80\x9d \xe2\x80\x93 @realDonaldTrump #MakeAmericaGreatAgain',,,,
2022-04-07 18:56:07+00:00,"b'@DonaldJTrumpJr Ivanka Trump will not get ""infected"" with HIV just because of her ""relationship"" with her father Do\xe2\x80\xa6 https://t.co/dntE5iHcux'",,,,
2022-04-07 18:51:48+00:00,b'The greatest country (USA) has become a joke with these idiots seating in office! #BringBackTrump #makeamericagreatagain',,,,
2022-04-07 18:49:12+00:00,"b""'I Know Alligator Tears When I See Them': Matt Gaetz Blasts Jan 6 Committee\n\n#mattgaetz #MakeAmericaGreatAgain\xe2\x80\xa6 https://t.co/LNKVEzOPCT""",,,,
2022-04-07 18:42:10+00:00,b'@washingtonpost #TrumpWasRightAboutEverything \n#Trump #Donald Trump #MakeAmericaGreatAgain',,,,
2022-04-07 18:29:28+00:00,b'@Annezig2 @Jim_Jordan Ohio loves Jim Jordan and Jim Jordan loves Ohio. Thank you for defending Donald Trump; thank\xe2\x80\xa6 https://t.co/CWpa5xpgFv',,,,
2022-04-07 18:28:00+00:00,"b""'Can Men Get Pregnant?': Rep. Lauren Boebert Presses Becerra On 'Birthing Persons' Term\n#makeamericagreatagain\xe2\x80\xa6 https://t.co/DGQdaGBggy""",,,,
2022-04-07 18:10:33+00:00,b'\xe2\x80\x9cIt is humiliating to remain with our hands folded while others write history.\xe2\x80\x9d \xe2\x80\x93 @realDonaldTrump #MakeAmericaGreatAgain',,,,
2022-04-07 18:05:36+00:00,b'#makeAmericagreatagain means going back to when Black people only counted as 3/5ths of a person.\n#maga\n#KBJconfirmation \xf0\x9f\x87\xba\xf0\x9f\x87\xb2',,,,
2022-04-07 17:29:34+00:00,b'YEAR OF THE CITIZEN \xf0\x9f\x87\xba\xf0\x9f\x87\xb8\n#MakeAmericaGreatAgain https://t.co/xOmDn41kjA',Virginia Beach,,Virginia,United States
2022-04-07 17:28:42+00:00,"b'@ssssssatuuurn back in my day, (the good ol days) kids stayed at school even if they were dying from diseases! \n\nth\xe2\x80\xa6 https://t.co/XX0R4bKtI9'",,,,
2022-04-07 17:10:28+00:00,"b""\xe2\x80\x9cIt's good to trust others but, not to do so is much better.\xe2\x80\x9d \xe2\x80\x93 @realDonaldTrump #MakeAmericaGreatAgain""",,,,
2022-04-07 16:10:27+00:00,b'\xe2\x80\x9cThe history of saints is mainly the history of insane people.\xe2\x80\x9d \xe2\x80\x93 @realDonaldTrump #MakeAmericaGreatAgain',,,,
2022-04-07 15:53:52+00:00,"b'\xf0\x9f\x87\xba\xf0\x9f\x87\xb8 FREE FLAGS \xf0\x9f\x87\xba\xf0\x9f\x87\xb8\n\nRepresentant our beautiful Red, White, &amp; Blue! \xe2\x9d\xa4\xef\xb8\x8f\xf0\x9f\xa4\x8d\xf0\x9f\x92\x99\n\nShipping &amp; Handling may apply\n\n#flags\xe2\x80\xa6 https://t.co/qdUJk0EjVT'",,,,
2022-04-07 15:33:02+00:00,b'2024 Power ticket is @RonDeSantisFL and @TulsiGabbard  \n\n#MakeAmericaGreatAgain',,,,
2022-04-07 15:10:22+00:00,"b'\xe2\x80\x9cRace? It is a feeling, not a reality.\xe2\x80\x9d \xe2\x80\x93 @realDonaldTrump #MakeAmericaGreatAgain'",,,,
2022-04-07 14:10:28+00:00,b'\xe2\x80\x9cIt is humiliating to remain with our hands folded while other write history.\xe2\x80\x9d \xe2\x80\x93 @realDonaldTrump #MakeAmericaGreatAgain',,,,
2022-04-07 13:57:36+00:00,b'\xf0\x9f\x87\xba\xf0\x9f\x87\xb8 We Stand with the completely INNOCENT @DanScavino  #MAGA  $MAGA #MakeAmericaGreatAgain #Cryptocurrency https://t.co/Zq7KnIDAgl',,,,
2022-04-07 13:29:16+00:00,b'@FoxNews Very good fandango! #MakeAmericaGreatAgain',,Polk County,Florida,United States
2022-04-07 13:10:08+00:00,b'\xe2\x80\x9cBlood alone moves the wheels of history.\xe2\x80\x9d \xe2\x80\x93 @realDonaldTrump #MakeAmericaGreatAgain',,,,
2022-04-07 13:01:52+00:00,"b'\xf0\x9f\xa4\xa3\xf0\x9f\xa4\xa3\xf0\x9f\xa4\xa3\n\nIf you like this post, follow us and share it!\n\n#inflation #JoeBiden #bidencorrupt #Biden\xe2\x80\xa6 https://t.co/hp0bpAjh8Z'",,,,
2022-04-07 12:10:11+00:00,"b'\xe2\x80\x9cSocialism is a fraud, a comedy, a phantom, a blackmail.\xe2\x80\x9d \xe2\x80\x93 @realDonaldTrump #MakeAmericaGreatAgain'",,,,
2022-04-07 11:34:16+00:00,b'@SquizzSTK If he wins it would be more rigged then Biden beating trump \n#MakeAmericaGreatAgain',,,,
2022-04-07 11:10:11+00:00,b'\xe2\x80\x9cWe have buried the putrid corpse of liberty\xe2\x80\x9d \xe2\x80\x93 @realDonaldTrump #MakeAmericaGreatAgain',,,,
2022-04-07 10:10:11+00:00,b'\xe2\x80\x9cI admire the discipline of the American people and their sense of organization.\xe2\x80\x9d \xe2\x80\x93 @realDonaldTrump #MakeAmericaGreatAgain',,,,
2022-04-07 10:05:00+00:00,b'We will end very disappointed in West Virginia!\n#MakeAmericaGreatAgain\xf0\x9f\x87\xba\xf0\x9f\x87\xb8\nTickets:',,,,
2022-04-07 08:10:30+00:00,"b'\xe2\x80\x9cWe do not argue with those who disagree with us, we destroy them.\xe2\x80\x9d \xe2\x80\x93 @realDonaldTrump #MakeAmericaGreatAgain'",,,,
2022-04-07 07:55:44+00:00,b'Perfect description of our country right now\xf0\x9f\x99\x8c\xf0\x9f\x8f\xbb\xf0\x9f\x87\xba\xf0\x9f\x87\xb8 #RedWave2022  #MakeAmericaGreatAgain https://t.co/dgaFadqPBq',,,District of Columbia,United States
2022-04-07 07:10:33+00:00,b'\xe2\x80\x9cI want to make my own life a masterpiece.\xe2\x80\x9d \xe2\x80\x93 @realDonaldTrump #MakeAmericaGreatAgain',,,,
2022-04-07 06:10:14+00:00,b'\xe2\x80\x9cI have stopped the talk and the nonsense. I am a man of action.\xe2\x80\x9d \xe2\x80\x93 @realDonaldTrump #MakeAmericaGreatAgain',,,,
2022-04-07 05:10:35+00:00,b'\xe2\x80\x9cA nation of spaghetti eaters cannot restore Roman civilization!\xe2\x80\x9d \xe2\x80\x93 @realDonaldTrump #MakeAmericaGreatAgain',,,,
2022-04-07 04:10:22+00:00,b'\xe2\x80\x9cDemocracy is beautiful in theory; in practice it is a fallacy.\xe2\x80\x9d \xe2\x80\x93 @realDonaldTrump #MakeAmericaGreatAgain',,,,
2022-04-07 03:10:17+00:00,b'\xe2\x80\x9cWar cannot be waged without hating the enemy.\xe2\x80\x9d \xe2\x80\x93 @realDonaldTrump #MakeAmericaGreatAgain',,,,
2022-04-07 02:10:19+00:00,b'\xe2\x80\x9cNapoleon put a term to a revolution whereas I have begun one.\xe2\x80\x9d \xe2\x80\x93 @realDonaldTrump #MakeAmericaGreatAgain',,,,
2022-04-07 01:31:35+00:00,b'So if you cut your dick off and become trans California will give you a monthly allowance up to $900 a month lmao A\xe2\x80\xa6 https://t.co/fQEgcFFze4',,,,
2022-04-07 01:29:05+00:00,b'THE BOOK OF TWEETS \xf0\x9f\x93\x96 ...\n\n\xe2\x9c\x94 ALL of the Tweets of President Donald Trump in 4 #MakeAmericaGreatAgain Volumes. \xf0\x9f\x93\x9a\n\nALL\xe2\x80\xa6 https://t.co/1tkcirxz5Y',,,,
2022-04-07 01:10:11+00:00,b'\xe2\x80\x9cInactivity is death.\xe2\x80\x9d \xe2\x80\x93 @realDonaldTrump #MakeAmericaGreatAgain',,,,
2022-04-07 00:39:40+00:00,"b'All you liberals that voted for Joe Biden, you caused the #UkraineWar, you caused high gas prices and inflation. Th\xe2\x80\xa6 https://t.co/69tueScOnx'",Manalapan,Monmouth County,New Jersey,United States
2022-04-07 00:10:18+00:00,b'\xe2\x80\x9cYou must always be doing things and obviously succeeding.\xe2\x80\x9d \xe2\x80\x93 @realDonaldTrump #MakeAmericaGreatAgain',,,,
2022-04-06 23:48:38+00:00,b'Some foodstamps would be clutch rn\xf0\x9f\xa5\xb2 #MakeAmericaGreatAgain',,,,
2022-04-06 23:10:33+00:00,b'\xe2\x80\x9cYou hate me because you still love me.\xe2\x80\x9d \xe2\x80\x93 @realDonaldTrump #MakeAmericaGreatAgain',,,,
2022-04-06 22:25:11+00:00,"b'Virginia Governor Youngkin is donating his first quarter salary, following the sterling example of President Trump.\xe2\x80\xa6 https://t.co/RqdaQHMzHh'",,,,
2022-04-06 21:52:03+00:00,b'Wyoming since the past 4 Presidential Elections...\n\n#wyoming #wyominglife #welovetrump #makeamericagreatagain\xe2\x80\xa6 https://t.co/Xtn7KDXZEw',,,,
2022-04-06 21:00:55+00:00,b'Bravo @GovAbbott ! Wish I owned a bus company. I\xe2\x80\x99d help you out!! #Texas #MakeAmericaGreatAgain',,,,
2022-04-06 20:49:41+00:00,b'#JoeBiden calling #Barack Obama his husband and looking like a lost child while Obama takes the spotlight...  has t\xe2\x80\xa6 https://t.co/vJOw9xo7Mk',,,,
2022-04-06 20:10:43+00:00,"b'\xe2\x80\x9cLiberty is a duty, not a right.\xe2\x80\x9d \xe2\x80\x93 @realDonaldTrump #MakeAmericaGreatAgain'",,,,
2022-04-06 19:25:37+00:00,b'Fit check. #fitcheck #outfitcheck #makeamericagreatagain #parishilton #BritneySpears #lindsaylohan @britneyspears\xe2\x80\xa6 https://t.co/soE0Bst1pW',,,,
2022-04-06 19:03:47+00:00,"b'How is this shit even possible, when are we going to war in America! #TakeThisCountryBack #MakeAmericaGreatAgain St\xe2\x80\xa6 https://t.co/CyjWzTN9vR'",,,,
2022-04-06 18:36:49+00:00,"b'The latest #MakeAmericaGreatAgain merchandise. .@SenTedCruz had a very good debate, far better than Rand Paul. .\xe2\x80\xa6 https://t.co/l0JeFGzdYg'",,,,
2022-04-06 18:10:20+00:00,b'\xe2\x80\x9cThe function of a citizen and a soldier are inseparable.\xe2\x80\x9d \xe2\x80\x93 @realDonaldTrump #MakeAmericaGreatAgain',,,,
2022-04-06 17:11:41+00:00,"b'@Ben_Dover15133 @zombigotsusd Hey, stop acting gay man I don\xe2\x80\x99t support your kind around here buddy. \xf0\x9f\xab\xa1 #MakeAmericaGreatAgain'",,,,
2022-04-06 17:10:24+00:00,"b'\xe2\x80\x9cSocialism is a fraud, a comedy, a phantom, a blackmail.\xe2\x80\x9d \xe2\x80\x93 @realDonaldTrump #MakeAmericaGreatAgain'",,,,
2022-04-06 17:00:46+00:00,"b'@robreiner Just the way #fjb has left Americans hanging!! letting in millions of illegals, skyrocketed gas prices\xe2\x80\xa6 https://t.co/uw2gUDlhx7'",,,,
2022-04-06 16:29:14+00:00,"b""If you don't like gas prices or inflation, blame Putin, oil companies &amp; @GOP politicians who promote corporate welf\xe2\x80\xa6 https://t.co/8KJMIrNz5i""",,,,
2022-04-06 16:23:10+00:00,b'Could it be that @GOP is going to lose their share of Russian profit or is it that they want to help end democracy\xe2\x80\xa6 https://t.co/bIzqXrLies',,,,
2022-04-06 16:17:28+00:00,b'DC is looking to make government bigger.\n\nAnd in the name of making the Wealth Gap smaller - making the Wealth Gap\xe2\x80\xa6 https://t.co/8ftkmTJxCZ',Goodland,Collier County,Florida,United States
2022-04-06 16:13:07+00:00,"b""Why would any American want to let Putin off the hook after his war crimes in Ukraine?\nCharles Koch's non-profits &amp;\xe2\x80\xa6 https://t.co/JhgBeaBhcB""",,,,
2022-04-06 16:10:21+00:00,b'\xe2\x80\x9cLife ... should be high and full [and] lived for oneself\xe2\x80\x9d \xe2\x80\x93 @realDonaldTrump #MakeAmericaGreatAgain',,,,
2022-04-06 15:10:31+00:00,b'\xe2\x80\x9cThe Socialists ask what is our program? Our program is to smash the heads of the Socialists.\xe2\x80\x9d \xe2\x80\x93 @realDonaldTrump #MakeAmericaGreatAgain',,,,
2022-04-06 15:05:10+00:00,"b""It's interesting/sad that when @GOP leads the US, they favor the rich over the rest of us &amp; leave the economy in sh\xe2\x80\xa6 https://t.co/xbvea3SV4R""",,,,
2022-04-06 14:45:39+00:00,"b'\xf0\x9f\xa4\xa1Clown\xf0\x9f\xa4\xa1\n\nIf you like this post, follow us and share it!\n\n#inflation #joebiden #bidencorrupt #Biden #donaldtrump\xe2\x80\xa6 https://t.co/zr5ZR4ehxa'",,,,
2022-04-06 14:38:06+00:00,b'@DonaldJTrumpJr #Beware \n#BigDonations\n#PerformanceDonations\n#Shows\nAccording to some news agencies there are chanc\xe2\x80\xa6 https://t.co/NXu11Z2xTL',,,,
2022-04-06 14:23:08+00:00,b'@GOP supporters and QAnon are all about wanting to prevent pedophiles &amp; point to Dems but the problem is in their o\xe2\x80\xa6 https://t.co/b008BI1MJt',,,,
2022-04-06 14:10:20+00:00,"b""\xe2\x80\x9cIt's good to trust others but, not to do so is much better.\xe2\x80\x9d \xe2\x80\x93 @realDonaldTrump #MakeAmericaGreatAgain""",,,,
2022-04-06 13:52:28+00:00,b'Can you guys name these crooks? #MakeAmericaGreatAgain #TRUMP2024 https://t.co/4P9MDtuu3a',,,,
2022-04-06 13:42:13+00:00,"b'Donald Trump \xf0\x9f\x91\x8f\xf0\x9f\x92\xaa\n\nIf you like this post, follow us and share it!\n\n#inflation #joebiden #bidencorrupt #Bidenflation\xe2\x80\xa6 https://t.co/VPHyD4nuYV'",,,,
2022-04-06 13:10:28+00:00,b'\xe2\x80\x9cI have stopped the talk and the nonsense. I am a man of action.\xe2\x80\x9d \xe2\x80\x93 @realDonaldTrump #MakeAmericaGreatAgain',,,,
2022-04-06 12:30:42+00:00,"b'I\xe2\x80\x99m looking for whoever tooked it! This is not funny. My AR15, 4 9mm\xe2\x80\x99s &amp; my shotgun were stole!\n\n#Trump #TrumpWon\xe2\x80\xa6 https://t.co/TQUvHHbnHL'",Philadelphia,Philadelphia County,Pennsylvania,United States
2022-04-06 12:24:03+00:00,b'Scandal S07E18  Rowan testify on B613 https://t.co/YeV8pjA9HY via @YouTube #B613\n\n#DefundThePolice #Vote4TJ\xe2\x80\xa6 https://t.co/gWhK21pU4U',,,,
2022-04-06 12:10:16+00:00,b'\xe2\x80\x9cI admire the discipline of the American people and their sense of organization.\xe2\x80\x9d \xe2\x80\x93 @realDonaldTrump #MakeAmericaGreatAgain',,,,
2022-04-06 12:03:19+00:00,b'@TaxReformExpert It\xe2\x80\x99ll be so nice if he invest 3 billion in his campaign. #MakeAmericaGreatAgain',New Orleans,Orleans Parish,Louisiana,United States
2022-04-06 11:10:22+00:00,"b'\xe2\x80\x9cRace? It is a feeling, not a reality.\xe2\x80\x9d \xe2\x80\x93 @realDonaldTrump #MakeAmericaGreatAgain'",,,,
2022-04-06 10:10:24+00:00,b'\xe2\x80\x9cIt is better to live one day as a lion than 100 years as a sheep.\xe2\x80\x9d \xe2\x80\x93 @realDonaldTrump #MakeAmericaGreatAgain',,,,
2022-04-06 09:10:12+00:00,b'\xe2\x80\x9cIt is humiliating to remain with our hands folded while others write history.\xe2\x80\x9d \xe2\x80\x93 @realDonaldTrump #MakeAmericaGreatAgain',,,,
2022-04-06 08:10:13+00:00,b'\xe2\x80\x9cYou must always be doing things and obviously succeeding.\xe2\x80\x9d \xe2\x80\x93 @realDonaldTrump #MakeAmericaGreatAgain',,,,
2022-04-06 07:40:32+00:00,b'More appropriate now than ever.  Think about it.  If you buy into the lies and rhetoric that say to hate those who\xe2\x80\xa6 https://t.co/teJjN9TxkB',,,,
2022-04-06 07:10:34+00:00,b'\xe2\x80\x9cWar cannot be waged without hating the enemy.\xe2\x80\x9d \xe2\x80\x93 @realDonaldTrump #MakeAmericaGreatAgain',,,,
2022-04-06 06:10:28+00:00,b'\xe2\x80\x9cA nation of spaghetti eaters cannot restore Roman civilization!\xe2\x80\x9d \xe2\x80\x93 @realDonaldTrump #MakeAmericaGreatAgain',,,,
2022-04-06 05:58:08+00:00,b'Can Elon Musk Help Trump Back On Twitter? https://t.co/9fr94sSB0k via @YouTube #trump #maga #donaldtrump #usa\xe2\x80\xa6 https://t.co/jlNajv4fhd',,,,
2022-04-06 05:10:28+00:00,b'\xe2\x80\x9cNapoleon put a term to a revolution whereas I have begun one.\xe2\x80\x9d \xe2\x80\x93 @realDonaldTrump #MakeAmericaGreatAgain',,,,
2022-04-06 04:10:26+00:00,b'\xe2\x80\x9cI am making superhuman efforts to educate the people.\xe2\x80\x9d \xe2\x80\x93 @realDonaldTrump #MakeAmericaGreatAgain',,,,
2022-04-06 03:45:52+00:00,b'You can all just fuck off to eastern Europe since you love it so\n#MakeAmericaGreatAgain https://t.co/EYVxFCPR2r',,,,
2022-04-06 03:10:24+00:00,"b'\xe2\x80\x9cWe do not argue with those who disagree with us, we destroy them.\xe2\x80\x9d \xe2\x80\x93 @realDonaldTrump #MakeAmericaGreatAgain'",,,,
2022-04-06 02:10:08+00:00,b'\xe2\x80\x9cI want to make my own life a masterpiece.\xe2\x80\x9d \xe2\x80\x93 @realDonaldTrump #MakeAmericaGreatAgain',,,,
2022-04-06 01:32:40+00:00,"b'Rep. @RepMTG, the line in the sand signifies the imaginary division between those who must defend the inalienable r\xe2\x80\xa6 https://t.co/UO9qqQVq7o'",,,,
2022-04-06 01:27:11+00:00,"b""If you want to know who's really destroying the US, look no further!\nChanging laws to help the rich get richer, hid\xe2\x80\xa6 https://t.co/ZvyQoIA1cL""",,,,
2022-04-06 01:10:11+00:00,b'\xe2\x80\x9cDemocracy is beautiful in theory; in practice it is a fallacy.\xe2\x80\x9d \xe2\x80\x93 @realDonaldTrump #MakeAmericaGreatAgain',,,,
2022-04-06 00:34:25+00:00,"b""Let's not expect #Biden to care about the #BorderCrisis when he created it. He will not give us the solution to his\xe2\x80\xa6 https://t.co/bz8X4x65bj""",,,,
2022-04-06 00:10:11+00:00,b'\xe2\x80\x9cIt is humiliating to remain with our hands folded while other write history.\xe2\x80\x9d \xe2\x80\x93 @realDonaldTrump #MakeAmericaGreatAgain',,,,
2022-04-05 23:52:45+00:00,b'THE BOOK OF TWEETS \xf0\x9f\x93\x96 ...\n\n\xe2\x9c\x94 ALL of the Tweets of President Donald Trump in 4 #MakeAmericaGreatAgain Volumes! \xf0\x9f\x87\xba\xf0\x9f\x87\xb8 \xf0\x9f\x93\x9a\xe2\x80\xa6 https://t.co/SBXm7ALqS4',,,,
2022-04-05 23:10:33+00:00,b'\xe2\x80\x9cYou hate me because you still love me.\xe2\x80\x9d \xe2\x80\x93 @realDonaldTrump #MakeAmericaGreatAgain',,,,
2022-04-05 22:25:26+00:00,"b'@GiovanniConig17 @VolumePrintcess I think I\xe2\x80\x99m Joe Biden, or am I Alzheimer\xe2\x80\x99s? I can\xe2\x80\x99t remember\xe2\x80\xa6 hmmm one of the 3.\xe2\x80\xa6 https://t.co/VmfgptZ2d3'",,,,
2022-04-05 22:10:19+00:00,b'\xe2\x80\x9cDemocracy is talking itself to death.\xe2\x80\x9d \xe2\x80\x93 @realDonaldTrump #MakeAmericaGreatAgain',,,,
2022-04-05 22:03:03+00:00,"b'Would You Wrap Your Car,truck,vehicle,bicycle in an Ad for $400 Weekly\nFrom Global Speed Decals\n( USA Only ) Hiring\xe2\x80\xa6 https://t.co/pRU4LyHFR9'",Abilene,Taylor County,Texas,United States
2022-04-05 21:26:49+00:00,b'Could it be that there is a billionaire that is a good person\xe2\x80\xa6\n#ElonMusk #dogecoin #savetheplanet  #tothemoon\xe2\x80\xa6 https://t.co/NDHhQA0ZPq',,,,
2022-04-05 21:10:14+00:00,b'\xe2\x80\x9cInactivity is death.\xe2\x80\x9d \xe2\x80\x93 @realDonaldTrump #MakeAmericaGreatAgain',,,,
2022-04-05 20:58:56+00:00,b'@elonmusk is going to make Twitter great again #MakeTwitterGreatAgain  #MakeAmericaGreatAgain #FreeSpeech',Houston,Harris County,Texas,United States
2022-04-05 20:44:54+00:00,b'Man these gas prices \xf0\x9f\xa4\xa2 sheesh #makeamericagreatagain',Los Angeles,Los Angeles County,California,United States
2022-04-05 20:28:48+00:00,b'We need him at the helm of  this ship again!! \n#MakeAmericaGreatAgain\n\nTrump Thunderstruck AC/DC - YouTube https://t.co/nxiQnJg9fZ',,Ocean County,New Jersey,United States
2022-04-05 20:10:32+00:00,"b'\xe2\x80\x9cLiberty is a duty, not a right.\xe2\x80\x9d \xe2\x80\x93 @realDonaldTrump #MakeAmericaGreatAgain'",,,,
2022-04-05 20:01:00+00:00,b'Stop making Argon bottles and 75-25 bottles the same color! #MakeAmericaGreatAgain',,,,
2022-04-05 19:47:05+00:00,b'@elonmusk come to #TruthSocial Buy #DWAC and bring back #PresidentTrump #MakeAmericaGreatAgain',,,,
2022-04-05 19:45:04+00:00,b'FortNight https://t.co/VDy1DSibjy V @YouTube #MadeInAmerica #MakeAmericaGreatAgain @GreatPartyUS @TheDemocrats #GD\xe2\x80\xa6 https://t.co/0v3ayb48oN',,,,
2022-04-05 19:44:44+00:00,b'@samanthamarika1 @elonmusk Yes #trump &amp; #doge &amp; #ElonMusk  #MakeAmericaGreatAgain @elonmusk  let\xe2\x80\x99s goooooo pls',,,,
2022-04-05 19:43:22+00:00,b'Barack Obama and Kamala Harris running #america into ruins \xf0\x9f\xa4\xa1\xf0\x9f\xa4\xa1\xf0\x9f\xa4\xa1. Poor Biden hasn\xe2\x80\x99t even done anything for being slam\xe2\x80\xa6 https://t.co/toiLLWQc7B',,,,
2022-04-05 19:43:08+00:00,b'#MakeAmericaGreatAgain\xe2\x80\xa6. Wait what?! \xf0\x9f\xa4\xa3 https://t.co/8Oaq0dTYEW',Nederland,,,Nederland
2022-04-05 19:38:54+00:00,"b""Janet Jackson  That's The Way Love Goes (Official Music Video https://t.co/ehDuR37yp6 via @YouTube #DefundThePolice\xe2\x80\xa6 https://t.co/p2QGaKLa7M""",,,,
2022-04-05 19:18:53+00:00,"b""Nelly Furtado  I'm Like A Bird (Official Music Video) https://t.co/JxTSSvOgX8 via @RocNation \n#DefundThePolice\xe2\x80\xa6 https://t.co/CQLvXyGgyU""",,,,
2022-04-05 18:53:37+00:00,"b""'I'm Embarrassed By Your Leadership!': Matt Gaetz Clashes With Lloyd Austin In Tense Exchange\n@mattgaetz #mattgaetz\xe2\x80\xa6 https://t.co/sI2bMieejG""",,,,
2022-04-05 18:53:36+00:00,b'That is what I call #MakeAmericaGreatAgain! #RidinWithBiden #ImWithHim https://t.co/vR3bXHcnVl',,,,
2022-04-05 18:10:09+00:00,b'\xe2\x80\x9cSilence is the only answer you should give to the fools.\xe2\x80\x9d \xe2\x80\x93 @realDonaldTrump #MakeAmericaGreatAgain',,,,
2022-04-05 17:53:28+00:00,"b'Going now get proper old Fintona, thank you!\n#MakeAmericaGreatAgain #ImWithYou Thank you tomorrow! \n#MakeAmericaGreatAgain'",,,,
2022-04-05 17:10:27+00:00,b'\xe2\x80\x9cBlood alone moves the wheels of history.\xe2\x80\x9d \xe2\x80\x93 @realDonaldTrump #MakeAmericaGreatAgain',,,,
2022-04-05 16:01:39+00:00,b'China\xe2\x80\x99s slavery is yet another subsidy.\n\nBecause not paying your labor force is less expensive than paying your lab\xe2\x80\xa6 https://t.co/gdQN2zCl53',Goodland,Collier County,Florida,United States
2022-04-05 15:54:34+00:00,b'Brian McKnight - Anytime (Official Video) https://t.co/kK7opnDaJF via @YouTube @HowardUAlumni @AOC\n#Vote4TJ\xe2\x80\xa6 https://t.co/pF6lKFcGq8',,,,
2022-04-05 15:50:24+00:00,"b'Whitney Houston, Mariah Carey - When You Believe (Official HD Video) https://t.co/rgAd5rhFLv via @YouTube #Creo\xe2\x80\xa6 https://t.co/lR6RyAzrum'",,,,
2022-04-05 15:48:36+00:00,"b'If you see a #TeslaDriver, thank them for supporting #ElonMusk and #DonaldTrump .  #MAGA #MakeAmericaGreatAgain'",Stony Brook,Suffolk County,New York,United States
2022-04-05 14:58:21+00:00,"b'\xf0\x9f\x87\xba\xf0\x9f\x87\xb8 FREE FLAGS \xf0\x9f\x87\xba\xf0\x9f\x87\xb8\n\nRepresentant our beautiful Red, White, &amp; Blue! \xe2\x9d\xa4\xef\xb8\x8f\xf0\x9f\xa4\x8d\xf0\x9f\x92\x99\n\nShipping &amp; Handling may apply\n\n#flags\xe2\x80\xa6 https://t.co/EVM7qWi5T4'",,,,
2022-04-05 14:52:52+00:00,"b'Boomerang!\nThanks to the fake Trump impeachments, Congress will have more pro-Trump congressmen in 2022 than ever b\xe2\x80\xa6 https://t.co/tiLLOyN9Ru'",,,,
2022-04-05 14:48:26+00:00,"b""Politics as usual is dead. It's time to take a stand. The future of our nation is at stake. #AmericaFirst\xe2\x80\xa6 https://t.co/YPPvHYOMsd""",Chesterfield,Oakland County,Michigan,United States
2022-04-05 14:34:10+00:00,b'@elonmusk @elonmusk WE WANT TRUMP BACK ON TWITTER!!!!\n#MakeAmericaGreatAgain',Miami,Miami-Dade County,Florida,United States
2022-04-05 14:10:21+00:00,b'\xe2\x80\x9cThe history of saints is mainly the history of insane people.\xe2\x80\x9d \xe2\x80\x93 @realDonaldTrump #MakeAmericaGreatAgain',,,,
2022-04-05 13:56:58+00:00,b'@elonmusk @paraga Way to go @elonmusk \n#MakeAmericaGreatAgain',,,,
2022-04-05 13:49:25+00:00,"b'The price increase is unbelievable\xf0\x9f\x98\xb5\n\nIf you like this post, follow us and share it!\n\n#inflation #nancypelosi\xe2\x80\xa6 https://t.co/30rBnxjSxL'",,,,
2022-04-05 13:43:15+00:00,b'@Blockworks_ @elonmusk  Bring back Trump the savior of America!!!!!\n#MakeAmericaGreatAgain',Miami,Miami-Dade County,Florida,United States
2022-04-05 13:10:18+00:00,b'\xe2\x80\x9cThe truth is that men are tired of liberty\xe2\x80\x9d \xe2\x80\x93 @realDonaldTrump #MakeAmericaGreatAgain',,,,
2022-04-05 12:48:38+00:00,b'@elonmusk STRONG \xf0\x9f\x92\xaa\xf0\x9f\x8f\xbc- Free Speach is coming @Twitter #makeamericagreatagain',Fort Mill,York County,South Carolina,United States
2022-04-05 12:32:42+00:00,b'If he insults so be it! At least he has a real #MakeAmericaGreatAgain not a lame #BuildBackBetter plan. Joe is unfi\xe2\x80\xa6 https://t.co/qUYrmeSMDR',,Polk County,Florida,United States
2022-04-05 11:10:10+00:00,b'\xe2\x80\x9cThe function of a citizen and a soldier are inseparable.\xe2\x80\x9d \xe2\x80\x93 @realDonaldTrump #MakeAmericaGreatAgain',,,,
2022-04-05 10:10:09+00:00,b'\xe2\x80\x9cWe have buried the putrid corpse of liberty\xe2\x80\x9d \xe2\x80\x93 @realDonaldTrump #MakeAmericaGreatAgain',,,,
2022-04-05 09:32:29+00:00,"b""Until we replace those in @HouseGOP @SenateGOP that support more the radical left socialist dem's then we can not\xe2\x80\xa6 https://t.co/TfCzneeSDq""",,,,
2022-04-05 09:10:05+00:00,b'\xe2\x80\x9cI am making superhuman efforts to educate the people.\xe2\x80\x9d \xe2\x80\x93 @realDonaldTrump #MakeAmericaGreatAgain',,,,
2022-04-05 08:37:39+00:00,b'@JoeBrolly1993 Stating lies as facts. Empty slogans lapped up by the under educated. Working class people condition\xe2\x80\xa6 https://t.co/drBrVeesmE',,,,
2022-04-05 08:10:21+00:00,"b'\xe2\x80\x9cLiberty is a duty, not a right.\xe2\x80\x9d \xe2\x80\x93 @realDonaldTrump #MakeAmericaGreatAgain'",,,,
2022-04-05 07:10:09+00:00,b'\xe2\x80\x9cYou must always be doing things and obviously succeeding.\xe2\x80\x9d \xe2\x80\x93 @realDonaldTrump #MakeAmericaGreatAgain',,,,
2022-04-05 06:31:06+00:00,b'#MakeAmericaGreatAgain ....  by sending #Trump &amp; the entire #TrumpCult &amp; #PutinsGOP to Russia.',Roanoke Rapids,Halifax County,,United States
2022-04-05 06:10:30+00:00,"b'\xe2\x80\x9cWe do not argue with those who disagree with us, we destroy them.\xe2\x80\x9d \xe2\x80\x93 @realDonaldTrump #MakeAmericaGreatAgain'",,,,
2022-04-05 03:10:24+00:00,b'\xe2\x80\x9cIt is humiliating to remain with our hands folded while others write history.\xe2\x80\x9d \xe2\x80\x93 @realDonaldTrump #MakeAmericaGreatAgain',,,,
2022-04-05 02:10:17+00:00,b'\xe2\x80\x9cNapoleon put a term to a revolution whereas I have begun one.\xe2\x80\x9d \xe2\x80\x93 @realDonaldTrump #MakeAmericaGreatAgain',,,,
2022-04-05 02:00:16+00:00,b'How mad is the far light right now? Big fucking babies. @elonmusk you\xe2\x80\x99re the man. Appreciate you #FreeSpeech #MakeAmericaGreatAgain',Miami Beach,Miami-Dade County,Florida,United States
2022-04-05 01:02:27+00:00,b'I am extremely interested in getting into the political field. If anyone has any suggestions where to start please\xe2\x80\xa6 https://t.co/HUCfRrAXUe',Phoenix,Maricopa County,Arizona,United States
2022-04-05 00:58:09+00:00,"b'and, I feel that my contribution to the United States of America could help all U.S. citizens, in more ways than on\xe2\x80\xa6 https://t.co/2VITCNUBsA'",Phoenix,Maricopa County,Arizona,United States
2022-04-05 00:11:31+00:00,b'\xe2\x80\x9cI admire the discipline of the American people and their sense of organization.\xe2\x80\x9d \xe2\x80\x93 @realDonaldTrump #MakeAmericaGreatAgain',,,,
2022-04-05 00:03:30+00:00,"b""I get some of y'all dislike Trump.  I get it.  But, can't we all agree that he was yards better a president than th\xe2\x80\xa6 https://t.co/v5Jmdx6InB""",Memphis,Shelby County,Tennessee,United States
2022-04-04 23:10:30+00:00,b'\xe2\x80\x9cBlood alone moves the wheels of history.\xe2\x80\x9d \xe2\x80\x93 @realDonaldTrump #MakeAmericaGreatAgain',,,,
2022-04-04 22:44:03+00:00,"b'Nicki Minaj - Only ft. Drake, Lil Wayne, Chris Brown https://t.co/ZadX555OWn via @YouTube \n\n#Vote4TJ\xe2\x80\xa6 https://t.co/8Q55OGWtYI'",,,,
2022-04-04 22:26:41+00:00,b'Eminem - Fall https://t.co/oQqzU7C1ox via @YouTube #AfterMath @GreenPartyUS @RocNation #Vote4TJ #Vote4Barry\xe2\x80\xa6 https://t.co/hRDYc63MS0',,,,
2022-04-04 22:16:26+00:00,"b'Dr. Dre ft. Eminem, Skylar Grey - I Need (Necesito) A Doctor (Explicit) V... https://t.co/DxQPmEKEyy via #LaIglesia\xe2\x80\xa6 https://t.co/B39oSFVrIJ'",,,,
2022-04-04 22:10:45+00:00,"b'Eminem, Dr. Dre - Forgot About Dre (Explicit) (Official Music Video) ft.... https://t.co/QkSeNV0G7X via\xe2\x80\xa6 https://t.co/yRHneUnNpk'",,,,
2022-04-04 22:10:23+00:00,b'\xe2\x80\x9cDemocracy is beautiful in theory; in practice it is a fallacy.\xe2\x80\x9d \xe2\x80\x93 @realDonaldTrump #MakeAmericaGreatAgain',,,,
2022-04-04 22:10:14+00:00,"b'My favorite president of all time is Donald Trump. I listen only when he preaches about money aka books, inteviews,\xe2\x80\xa6 https://t.co/2YLgfEPEqy'",,,,
2022-04-04 21:59:10+00:00,b'Kanye West - Stronger https://t.co/QwTfZtpzvR via @YouTube #GOODMusic @kanyewest #MakeAmericaGreatAgain @Republic\xe2\x80\xa6 https://t.co/vVjcYCnXng',,,,
2022-04-04 21:44:46+00:00,b'@FreeBeacon Analyzing the story \xe2\x80\xbc\xef\xb8\x8f\n\nGuy + Steel + Big + 10 + Truck + Big + Mama + No Room = Mama and they guy have\xe2\x80\xa6 https://t.co/RihpCVwLGN',,,,
2022-04-04 21:32:35+00:00,b'Eminem - The Real Slim Shady (Official Video - Clean Version) https://t.co/tgxnXaZ6Q5 via @USArmy\xe2\x80\xa6 https://t.co/1QlICzbJKD',,,,
2022-04-04 21:27:14+00:00,b'Eminem - Without Me (Official Music Video) https://t.co/hecpDnkuF0 via @YouTube #MakeAmericaGreatAgain #Vote4TJ\xe2\x80\xa6 https://t.co/hHh3zgJ8wU',,,,
2022-04-04 21:10:30+00:00,"b'\xe2\x80\x9cSocialism is a fraud, a comedy, a phantom, a blackmail.\xe2\x80\x9d \xe2\x80\x93 @realDonaldTrump #MakeAmericaGreatAgain'",,,,
2022-04-04 20:53:55+00:00,"b""@EllaMai Boo'd Up https://t.co/O39FhHr3Gr via @YouTube @TwitterUK @GreenPartyUS @PrimeMinisterOfUSA #PM #AM @AOC\xe2\x80\xa6 https://t.co/WgR0tii3Rm""",,,,
2022-04-04 20:39:41+00:00,"b'You mean, an extremist caucus is finally realizing compromise is how we #MakeAmericaGreatAgain ? Funny, I wish the\xe2\x80\xa6 https://t.co/mUR0J3tpGv'",Brooklyn,,New York,United States
2022-04-04 20:31:34+00:00,b'Michael Jackson - Beat It (Official Video) https://t.co/3VWoqDdqWQ via #GD @Republic \n\n@GOP After Party\xe2\x80\xa6 https://t.co/kHp1t95AKw',,,,
2022-04-04 20:10:15+00:00,b'\xe2\x80\x9cDemocracy is talking itself to death.\xe2\x80\x9d \xe2\x80\x93 @realDonaldTrump #MakeAmericaGreatAgain',,,,
2022-04-04 19:49:12+00:00,b'Ed Sheeran - Shape of You (Official Music Video) https://t.co/Ltgu74hNIl via @YouTube \n\n#LetsMove\xe2\x80\xa6 https://t.co/KyLGdkv9ty',,,,
2022-04-04 19:44:12+00:00,"b""Trump Responds To Reports Jen Psaki Is Joining MSNBC: 'They Need A Redhead'\n#makeamericagreatagain #trump2024\xe2\x80\xa6 https://t.co/oUd9kcoN2g""",,,,
2022-04-04 19:10:34+00:00,b'\xe2\x80\x9cI want to make my own life a masterpiece.\xe2\x80\x9d \xe2\x80\x93 @realDonaldTrump #MakeAmericaGreatAgain',,,,
2022-04-04 18:13:40+00:00,"b'Imagine getting removed from a plane because of the hoodie you wore, I couldn\xe2\x80\x99t imagine. #fuckjoebiden\xe2\x80\xa6 https://t.co/2Mrj4NVj5G'",,,,
2022-04-04 18:10:27+00:00,b'\xe2\x80\x9cWar cannot be waged without hating the enemy.\xe2\x80\x9d \xe2\x80\x93 @realDonaldTrump #MakeAmericaGreatAgain',,,,
2022-04-04 17:12:10+00:00,"b""#JoeBiden cares about #America like #HunterBiden cares about his illegitimate child, like shit! \nApple don't fall f\xe2\x80\xa6 https://t.co/NrkumsBis5""",,,,
2022-04-04 17:10:13+00:00,b'\xe2\x80\x9cSilence is the only answer you should give to the fools.\xe2\x80\x9d \xe2\x80\x93 @realDonaldTrump #MakeAmericaGreatAgain',,,,
2022-04-04 16:41:43+00:00,"b'In 2012, our amoral government began doing its crony-dirty-work.\n\nTo undo our patent system.\xe2\x80\xa6 https://t.co/a8RoTdJwEr'",Goodland,Collier County,Florida,United States
2022-04-04 16:10:32+00:00,b'\xe2\x80\x9cI have stopped the talk and the nonsense. I am a man of action.\xe2\x80\x9d \xe2\x80\x93 @realDonaldTrump #MakeAmericaGreatAgain',,,,
2022-04-04 15:53:35+00:00,"b'When @elonmusk assumes active control of Twitter, I hope his 1st action is to bring back President Trump! #MakeAmericaGreatAgain AGAIN'",,,,
2022-04-04 15:50:15+00:00,"b""@MartinHernandez @MonicaCrowley Just REMEMBER..... What's hidden in the Dark will be Brought to the LIGHT... Biden\xe2\x80\xa6 https://t.co/ycRN9XYd7F""",,,,
2022-04-04 15:10:21+00:00,b'\xe2\x80\x9cThe truth is that men are tired of liberty\xe2\x80\x9d \xe2\x80\x93 @realDonaldTrump #MakeAmericaGreatAgain',,,,
2022-04-04 14:57:29+00:00,"b'""The duty of Americans in the face of the total disaster that is President #Biden"". #MAGA #MakeAmericaGreatAgain\xe2\x80\xa6 https://t.co/dkaAJ5kNY0'",,,,
2022-04-04 14:45:11+00:00,b'@GuntherEagleman @americafirstmg @Therealbp65 what do dems and reps have in common?  Nothing!   Dems only care abou\xe2\x80\xa6 https://t.co/cINuy9jDR0',,,,
2022-04-04 14:23:39+00:00,"b'We are worse! An imposing everybody what he knows you chop, the kissabetts frisking in an Independent! Thank you so\xe2\x80\xa6 https://t.co/eRMWBll5L6'",,,,
2022-04-04 14:10:33+00:00,b'\xe2\x80\x9cIt is better to live one day as a lion than 100 years as a sheep.\xe2\x80\x9d \xe2\x80\x93 @realDonaldTrump #MakeAmericaGreatAgain',,,,
2022-04-04 13:21:13+00:00,"b'\xf0\x9f\xa4\xa3\xf0\x9f\xa4\xa3\xf0\x9f\xa4\xa3\n\nIf you like this post, follow us and share it!\n\n#russia #ukraine #russiaukraine #ukrainecrisis #putin\xe2\x80\xa6 https://t.co/yxio6QilHd'",,,,
2022-04-04 13:10:26+00:00,b'\xe2\x80\x9cIt is humiliating to remain with our hands folded while other write history.\xe2\x80\x9d \xe2\x80\x93 @realDonaldTrump #MakeAmericaGreatAgain',,,,
2022-04-04 11:10:25+00:00,b'\xe2\x80\x9cThe history of saints is mainly the history of insane people.\xe2\x80\x9d \xe2\x80\x93 @realDonaldTrump #MakeAmericaGreatAgain',,,,
2022-04-04 10:10:14+00:00,b'\xe2\x80\x9cYou hate me because you still love me.\xe2\x80\x9d \xe2\x80\x93 @realDonaldTrump #MakeAmericaGreatAgain',,,,
2022-04-04 09:10:11+00:00,"b""\xe2\x80\x9cIt's good to trust others but, not to do so is much better.\xe2\x80\x9d \xe2\x80\x93 @realDonaldTrump #MakeAmericaGreatAgain""",,,,
2022-04-04 07:10:25+00:00,b'\xe2\x80\x9cA nation of spaghetti eaters cannot restore Roman civilization!\xe2\x80\x9d \xe2\x80\x93 @realDonaldTrump #MakeAmericaGreatAgain',,,,
2022-04-04 06:53:00+00:00,"b'LIVE STREAM: Donald Trump Save America Rally in Selma, North Carolina 4/... https://t.co/xsw7VxS2VT #trump\xe2\x80\xa6 https://t.co/ZqmOIrVoVQ'",,,,
2022-04-04 06:52:36+00:00,"b'LIVE STREAM: Donald Trump Save America Rally in Selma, North Carolina 4/... https://t.co/xsw7VxS2VT #trump #maga\xe2\x80\xa6 https://t.co/1OEZOeGXfr'",,,,
2022-04-04 06:10:20+00:00,"b'\xe2\x80\x9cRace? It is a feeling, not a reality.\xe2\x80\x9d \xe2\x80\x93 @realDonaldTrump #MakeAmericaGreatAgain'",,,,
2022-04-04 04:27:01+00:00,b'@barmb17123 @LouGarza86 #MakeAmericaGreatAgain Trump supporters stay home.',,,,
2022-04-04 04:10:14+00:00,b'\xe2\x80\x9cThe Socialists ask what is our program? Our program is to smash the heads of the Socialists.\xe2\x80\x9d \xe2\x80\x93 @realDonaldTrump #MakeAmericaGreatAgain',,,,
2022-04-04 03:59:45+00:00,"b""So, what does #MAGA #MakeAmericaGreatAgain mean to you? #Trump supporters, I'd like your input.""",El Paso,El Paso County,Texas,United States
2022-04-04 03:44:47+00:00,"b'TRUTH WON BIGLY! Mom and Pop Bakery Slandered as Racist Is Vindicated by Unanimous Panel of Judges, College That So\xe2\x80\xa6 https://t.co/gZzYp1BLCf'",,New York County,New York,United States
2022-04-04 03:10:23+00:00,b'\xe2\x80\x9cInactivity is death.\xe2\x80\x9d \xe2\x80\x93 @realDonaldTrump #MakeAmericaGreatAgain',,,,
2022-04-04 02:10:27+00:00,b'\xe2\x80\x9cLife ... should be high and full [and] lived for oneself\xe2\x80\x9d \xe2\x80\x93 @realDonaldTrump #MakeAmericaGreatAgain',,,,
2022-04-04 01:54:59+00:00,b'The process......... #MakeAmericaGreatAgain https://t.co/gyUaGL4bYl',,Tipton County,Indiana,United States
2022-04-04 01:30:44+00:00,b'MEGILLIE 2024!!! #MakeAmericaGreatAgain https://t.co/V7vPlv1VuS',,,,
2022-04-04 01:10:14+00:00,b'\xe2\x80\x9cWar cannot be waged without hating the enemy.\xe2\x80\x9d \xe2\x80\x93 @realDonaldTrump #MakeAmericaGreatAgain',,,,
2022-04-04 00:40:11+00:00,b'Mr. Trump. All the online polls are more reliable so Trump is your man America. He is the only hope to #MAKEAMERICAGREATAGAIN',,,,
2022-04-04 00:10:13+00:00,b'\xe2\x80\x9cI have stopped the talk and the nonsense. I am a man of action.\xe2\x80\x9d \xe2\x80\x93 @realDonaldTrump #MakeAmericaGreatAgain',,,,
2022-04-04 00:08:17+00:00,b'\xf0\x9f\x9a\xa8EVERYTHING BAD happening in America is directly or indirectly because of a decision Biden and his administration h\xe2\x80\xa6 https://t.co/q8Pfw3w9OZ',,,,
2022-04-03 23:10:08+00:00,b'\xe2\x80\x9cYou must always be doing things and obviously succeeding.\xe2\x80\x9d \xe2\x80\x93 @realDonaldTrump #MakeAmericaGreatAgain',,,,
2022-04-03 21:11:18+00:00,"b'President Trump\'s ""Right to Try"" legislation saved the lives of ""thousands"" of patients deemed terminally ill\xe2\x80\xa6 https://t.co/3HaSoPrgcJ'",Bozeman,Gallatin County,Montana,United States
2022-04-03 21:10:33+00:00,b'\xe2\x80\x9cBlood alone moves the wheels of history.\xe2\x80\x9d \xe2\x80\x93 @realDonaldTrump #MakeAmericaGreatAgain',,,,
2022-04-03 20:10:19+00:00,b'\xe2\x80\x9cI am making superhuman efforts to educate the people.\xe2\x80\x9d \xe2\x80\x93 @realDonaldTrump #MakeAmericaGreatAgain',,,,
2022-04-03 20:02:22+00:00,"b'Americans For Trump, Keep America First / President Trump Shirt, Patriot shirt, Best Republican Gift,\xe2\x80\xa6 https://t.co/XrgieM9W0O'",,,,
2022-04-03 19:10:25+00:00,"b""\xe2\x80\x9cIt's good to trust others but, not to do so is much better.\xe2\x80\x9d \xe2\x80\x93 @realDonaldTrump #MakeAmericaGreatAgain""",,,,
